w_val,q2_val,gen_events,weight,rec_events,weight_rec,flux,cross_section,formfactor,formfactor_krishna,cs_scaled,cs_scaled_krishna,cs_scaled_unc,cs_scaled_krishna_unc,cs_unc,acceptance,acceptance_no_wt,luminosity_had,q_had,elec_cs,lumi_elec,q_elec,no_of_sec_45nA,no_year_45nA
1.4249999999999998,2.25,17325,4.62835,230,0.05087,0.00015,1.81107,1.37731,1.39677,2.49441,2.52965,0.02485,0.0252,0.01804,0.01099095790076377,0.013275613275613276,7.295022107805376e+34,5.509419309572823e-08,0.0002671486291486292,6.8114802437586e+38,0.0005144622540603172,11432.494534673715,0.000362522023550029
1.4249999999999998,2.75,17286,1.98222,381,0.04306,9e-05,1.24241,1.31071,1.29729,1.62844,1.61177,0.01603,0.01587,0.01223,0.021723118523675474,0.022040958000694204,5.65374299052183e+34,4.269876135127128e-08,0.00011467198889274558,8.028797027403623e+38,0.0006064046093205152,13475.65798490034,0.000427310311545546
1.4249999999999998,3.25,17266,0.96232,513,0.03411,6e-05,0.90355,1.25573,1.21703,1.13462,1.09965,0.01115,0.01081,0.00888,0.035445589824590576,0.029711571875361983,4.9729873386384275e+34,3.7557490662626894e-08,5.573497046218e-05,1.0123717384931104e+39,0.0007646312224268204,16991.80494281823,0.000538806600165469
1.4249999999999998,3.75,17286,0.5011,648,0.02022,4e-05,0.67011,1.20923,1.15047,0.81032,0.77095,0.00799,0.0076,0.00661,0.04035122729994013,0.03748698368622006,6.116693076718833e+34,4.619509913691437e-08,2.898877704500752e-05,1.709792284866469e+39,0.0012913839009565473,28697.420021256607,0.0009099892193447681
1.4249999999999998,4.25,17291,0.28626,696,0.01112,3e-05,0.52589,1.16914,1.09409,0.61483,0.57536,0.00605,0.00566,0.00518,0.03884580451337944,0.04025215429992482,8.37395890096309e+34,6.324264708830972e-08,1.6555433462494942e-05,3.109892086330935e+39,0.0023488610923949656,52196.91316433257,0.0016551532586356092
1.4249999999999998,4.75,17351,0.17008,752,0.00868,2e-05,0.41551,1.13406,1.04552,0.47121,0.43442,0.00463,0.00427,0.00408,0.051034807149576665,0.043340441473113944,8.316661380735956e+34,6.280991904490563e-08,9.802316869344706e-06,3.997926267281106e+39,0.0030195817728709256,67101.81717490946,0.002127784664348981
1.4249999999999998,5.25,17508,0.10531,829,0.00561,2e-05,0.33219,1.10298,1.0031,0.3664,0.33322,0.00359,0.00326,0.00325,0.05327129427404805,0.04734978295636281,1.0246635375071026e+35,7.738566101556548e-08,6.014964587617089e-06,6.241711229946523e+39,0.0047142834063040205,104761.85347342269,0.0033219765814758587
1.4249999999999998,5.75,17535,0.06819,857,0.00371,1e-05,0.27429,1.07516,0.96562,0.2949,0.26486,0.00285,0.00256,0.00265,0.05440680451679132,0.04887368120901055,1.2465279015500707e+35,9.414152266068051e-08,3.888793840889649e-06,9.452830188679244e+39,0.007139599840392177,158657.77423093727,0.005031005017470106
1.4249999999999998,6.25,17210,0.04474,918,0.00258,1e-05,0.23023,1.05004,0.93219,0.24175,0.21462,0.00238,0.00211,0.00226,0.057666517657577104,0.05334108076699593,1.4346295984544224e+35,1.0834752650512969e-07,2.599651365485183e-06,1.334108527131783e+40,0.01007634839223401,223918.85316075577,0.007100420254970693
1.4249999999999998,6.75,17364,0.03049,954,0.00202,1e-05,0.19239,1.0272,0.90213,0.19762,0.17356,0.00194,0.00171,0.00189,0.06625122991144639,0.054941257774706286,1.5275841924846261e+35,1.1536773600820375e-07,1.7559318129463257e-06,1.719207920792079e+40,0.012984954084532317,288554.5352118293,0.00915000428753898
1.4249999999999998,7.25,17626,0.02156,957,0.0014,1e-05,0.16373,1.00629,0.87489,0.16476,0.14325,0.0016,0.00139,0.00159,0.06493506493506494,0.054294791784863274,1.869385773245933e+35,1.411816156820431e-07,1.2231930103256552e-06,2.5179999999999994e+40,0.019018126888217517,422625.0419603893,0.013401352167693725
1.4249999999999998,7.75,17545,0.01529,933,0.00096,1e-05,0.14089,0.98704,0.85007,0.13907,0.11977,0.00135,0.00116,0.00137,0.06278613472858077,0.05317754345967512,2.290513170825244e+35,1.7298641876181888e-07,8.71473354231975e-07,3.655208333333333e+40,0.02760731369587109,613495.8599082464,0.019453826100591275
1.4249999999999998,8.25,17402,0.01093,907,0.00072,1e-05,0.12148,0.96924,0.82732,0.11774,0.1005,0.00116,0.00099,0.0012,0.06587374199451053,0.05212044592575566,2.578657305173357e+35,1.9474792728444655e-07,6.280887254338582e-07,4.833888888888889e+40,0.036509734810339034,811327.4402297563,0.02572702436040577
1.4249999999999998,8.75,17699,0.00825,896,0.00048,0.0,0.10687,0.9527,0.80637,0.10182,0.08618,0.001,0.00084,0.00105,0.05818181818181818,0.05062432905813888,3.37605578471813e+35,2.549698500655638e-07,4.6612802983219394e-07,7.374583333333332e+40,0.05569926988922456,1237761.553093879,0.03924916137410829
1.4249999999999998,9.25,17508,0.00609,754,0.00034,0.0,0.0937,0.93728,0.78699,0.08783,0.07374,0.00085,0.00072,0.00091,0.055829228243021355,0.04306602695910441,4.078734989384572e+35,3.0803828935764456e-07,3.478409869773818e-07,1.0298823529411761e+41,0.07778567620401632,1728570.5823114738,0.054812613594351654
1.4249999999999998,9.75,17438,0.0047,705,0.0003,0.0,0.0846,0.92284,0.76899,0.07807,0.06505,0.00077,0.00064,0.00083,0.06382978723404255,0.04042894827388462,4.013492165150933e+35,3.031109557549228e-07,2.6952632182589746e-07,1.1625333333333334e+41,0.08780463242698892,1951214.0539330873,0.06187259176601621
1.4249999999999998,10.25,17802,0.00365,562,0.00024,0.0,0.07451,0.90929,0.75221,0.06775,0.05604,0.00066,0.00055,0.00073,0.06575342465753425,0.031569486574542185,4.489544895448954e+35,3.3906388455924427e-07,2.050331423435569e-07,1.4834999999999997e+41,0.1120468277945619,2489929.5065458203,0.07895514670680556
1.4249999999999998,10.75,17499,0.00275,501,0.00019,0.0,0.06585,0.89652,0.73653,0.05904,0.0485,0.00058,0.00048,0.00065,0.0690909090909091,0.028630207440425166,4.9030095564113516e+35,3.7028997480638556e-07,1.5715183724784273e-07,1.8419999999999994e+41,0.13912386706948635,3091641.49043303,0.09803530855000729
1.475,2.25,17538,7.98129,265,0.12153,0.00016,2.80376,1.37731,1.39677,3.86166,3.91621,0.03723,0.03775,0.02703,0.015226861823088748,0.015110046755616375,3.4013048260001553e+34,2.5687673332831015e-08,0.00045508552856654127,2.88620093803999e+38,0.00021799100740483305,4844.24460899629,0.00015360998886974537
1.475,2.75,17424,3.50468,500,0.1102,0.0001,1.9702,1.31071,1.29729,2.58235,2.55592,0.02487,0.02462,0.01897,0.03144366960749626,0.02869605142332415,2.4630978613473983e+34,1.8602053178365667e-08,0.00020114095500459137,3.162250453720508e+38,0.0002388406687100081,5307.570415777958,0.00016830195382350197
1.475,3.25,17754,1.74542,668,0.07543,7e-05,1.43506,1.25573,1.21703,1.80204,1.7465,0.01709,0.01657,0.01361,0.04321595948253142,0.03762532387067703,2.568156048566614e+34,1.939548409158382e-08,9.83113664526304e-05,4.707410844491581e+38,0.00035554462571688673,7900.991682597483,0.00025053880272062035
1.475,3.75,17624,0.92906,810,0.04462,5e-05,1.09361,1.20923,1.15047,1.32242,1.25816,0.0126,0.01199,0.01042,0.04802703808150173,0.04596005447117567,3.149015390206853e+34,2.3782307908819973e-08,5.2715615070358604e-05,7.899596593455849e+38,0.000596646268387904,13258.805964175644,0.00042043397907710694
1.475,4.25,17580,0.51836,916,0.03014,4e-05,0.83824,1.16914,1.09409,0.98002,0.91711,0.00939,0.00879,0.00803,0.058144918589397326,0.05210466439135381,3.509807439028606e+34,2.6507117581969684e-08,2.948577929465302e-05,1.1665560716655607e+39,0.000881084646273082,19579.658806068488,0.0006208669078535162
1.475,4.75,17352,0.30883,939,0.01745,3e-05,0.67359,1.13406,1.04552,0.76389,0.70425,0.0073,0.00673,0.00644,0.056503578020270055,0.054114799446749656,4.633649941572994e+34,3.4994712948969065e-08,1.779794836330106e-05,1.9887679083094555e+39,0.0015020905651884104,33379.79033752023,0.0010584662080644416
1.475,5.25,17337,0.19349,987,0.01236,2e-05,0.54918,1.10298,1.0031,0.60573,0.55088,0.00578,0.00526,0.00524,0.06387927024652437,0.056930264751687144,5.168814734068501e+34,3.903643783753871e-08,1.1160523735363673e-05,2.805339805825242e+39,0.0021188367113483698,47085.260252185995,0.0014930638080982367
1.475,5.75,17511,0.12701,1072,0.00838,2e-05,0.45497,1.07516,0.96562,0.48917,0.43933,0.00469,0.00421,0.00436,0.06597905676718369,0.06121866255496545,6.196751469770796e+34,4.6799724112761844e-08,7.253155159613957e-06,4.179236276849642e+39,0.0031565228677112095,70144.95261580465,0.002224281856158189
1.475,6.25,17534,0.08426,1093,0.00563,1e-05,0.37785,1.05004,0.93219,0.39676,0.35223,0.00379,0.00337,0.00361,0.06681699501542843,0.06233603285046196,7.5442344088359055e+34,5.697631907586968e-08,4.805520702634881e-06,6.228774422735347e+39,0.004704512403878661,104544.72008619246,0.0033150913269340584
1.475,6.75,17509,0.05871,1154,0.00461,1e-05,0.32574,1.0272,0.90213,0.3346,0.29386,0.0032,0.00281,0.00311,0.07852154658490888,0.06590896110571706,7.612288055929765e+34,5.749028061271629e-08,3.3531326746244787e-06,7.596095444685465e+39,0.0057372322089769365,127494.04908837637,0.0040428097757602855
1.475,7.25,17404,0.04065,1121,0.00296,1e-05,0.27686,1.00629,0.87489,0.2786,0.24222,0.00268,0.00233,0.00266,0.07281672816728167,0.06441048034934498,9.858656215440134e+34,7.445552613428089e-08,2.335669960928522e-06,1.175945945945946e+40,0.008881766963337959,197372.59918528798,0.006258644063460426
1.475,7.75,17578,0.02948,1079,0.00202,1e-05,0.23978,0.98704,0.85007,0.23668,0.20383,0.00226,0.00195,0.00229,0.06852103120759838,0.0613835476163386,1.2332313170475404e+35,9.313732475247642e-08,1.6770963704630788e-06,1.7403960396039602e+40,0.013144985193383384,292110.7820751863,0.009262772135818947
1.475,8.25,17442,0.02131,945,0.00122,1e-05,0.20866,0.96924,0.82732,0.20224,0.17263,0.00196,0.00167,0.00202,0.05725011731581417,0.05417956656346749,1.7273747146710936e+35,1.3045651496647484e-07,1.2217635592248595e-06,2.8593442622950823e+40,0.021596255757515725,479916.7946114606,0.015218061726644489
1.475,8.75,17577,0.01596,951,0.00091,0.0,0.18362,0.9527,0.80637,0.17493,0.14806,0.00168,0.00142,0.00176,0.05701754385964913,0.05410479604027991,2.0051976834689916e+35,1.514385381367715e-07,9.080047789725208e-07,3.8630769230769233e+40,0.029177318150127817,648384.8477806181,0.020560148648548267
1.475,9.25,17283,0.01171,847,0.00058,0.0,0.16082,0.93728,0.78699,0.15073,0.12656,0.00147,0.00123,0.00156,0.04953031596925705,0.04900769542324828,2.6789166287286926e+35,2.0231981185172512e-07,6.775444077995718e-07,5.959655172413793e+40,0.045012501302218975,1000277.8067159773,0.03171860117693992
1.475,9.75,17685,0.00921,788,0.00047,0.0,0.14406,0.92284,0.76899,0.13294,0.11078,0.00128,0.00106,0.00138,0.051031487513572206,0.044557534633870514,2.9480584746278115e+35,2.2264621060552912e-07,5.207803223070398e-07,7.525531914893617e+40,0.05683936491611493,1263096.9981358873,0.040052543066206474
1.475,10.25,17332,0.00694,675,0.00036,0.0,0.1282,0.90929,0.75221,0.11657,0.09643,0.00113,0.00094,0.00124,0.05187319884726225,0.03894530348488345,3.307502406756074e+35,2.4979249352436173e-07,4.004154165705054e-07,9.628888888888888e+40,0.07272574689493116,1616127.7087762482,0.0512470734644929
1.475,10.75,17477,0.00543,583,0.00022,0.0,0.11431,0.89652,0.73653,0.10248,0.08419,0.001,0.00082,0.00111,0.040515653775322284,0.033358127825141616,4.816904407068341e+35,3.6378705589217887e-07,3.1069405504377183e-07,1.5888181818181817e+41,0.12000137324910737,2666697.1833134973,0.08456041296656194
1.525,2.25,17702,10.70363,365,0.2293,0.00018,3.42556,1.37731,1.39677,4.71807,4.78472,0.0453,0.04594,0.03289,0.021422638861769323,0.020619139080329908,1.9787578419436034e+34,1.494417220711127e-08,0.0006046565359846346,1.5440034888791975e+38,0.00011661657770990916,2591.479504664648,8.217527602310528e-05
1.525,2.75,17754,4.81895,592,0.18063,0.00011,2.43177,1.31071,1.29729,3.18733,3.15471,0.03057,0.03026,0.02332,0.03748326917689539,0.033344598400360484,1.6740387378379185e+34,1.2642842216131094e-08,0.0002714289737523938,1.9657864142169074e+38,0.00014847329412514404,3299.406536114312,0.0001046234949300581
1.525,3.25,17650,2.3684,772,0.11282,8e-05,1.78412,1.25573,1.21703,2.24037,2.17133,0.02134,0.02068,0.017,0.047635534538084785,0.04373937677053824,1.8740415007471513e+34,1.415332301749982e-08,0.0001341869688385269,3.1288778585357206e+38,0.0002363200799498278,5251.5573322183955,0.00016652579059545902
1.525,3.75,17316,1.24094,906,0.07514,5e-05,1.34959,1.20923,1.15047,1.63196,1.55266,0.01569,0.01493,0.01298,0.06055087272551453,0.05232155232155232,2.0239513952086285e+34,1.528548746475816e-08,7.166435666435666e-05,4.608996539792388e+38,0.00034811152113235555,7735.811580719012,0.000245300976050197
1.525,4.25,17491,0.71575,1011,0.04578,4e-05,1.05306,1.16914,1.09409,1.23118,1.15214,0.01171,0.01095,0.01001,0.06396088019559902,0.05780115487965239,2.539767795923187e+34,1.918108750036392e-08,4.0921045108913156e-05,7.641328090869375e+38,0.0005771395839025207,12825.324086722681,0.00040668835891434176
1.525,4.75,17815,0.44342,1111,0.0291,3e-05,0.85064,1.13406,1.04552,0.96468,0.88936,0.00912,0.00841,0.00805,0.06562626854900547,0.06236317709795117,3.1591409974883324e+34,2.385877952940361e-08,2.4890261015997753e-05,1.2243986254295532e+39,0.0009247723757020793,20550.497237823984,0.0006516519925743273
1.525,5.25,17386,0.27333,1164,0.0193,2e-05,0.69709,1.10298,1.0031,0.76888,0.69925,0.0073,0.00664,0.00662,0.07061061720264881,0.06695041987806281,3.683845636719152e+34,2.782150620586928e-08,1.572126998734614e-05,1.801658031088083e+39,0.0013607689056556516,30239.309014570037,0.0009588821985847931
1.525,5.75,17411,0.1758,1215,0.01313,2e-05,0.56965,1.07516,0.96562,0.61246,0.55006,0.00583,0.00523,0.00542,0.07468714448236631,0.06978347021997587,4.372264334765827e+34,3.302065051556398e-08,1.0097065073803918e-05,2.6520944402132522e+39,0.002003092477502456,44513.16616672125,0.0014115032396854784
1.525,6.25,17393,0.11813,1221,0.0089,1e-05,0.47952,1.05004,0.93219,0.50351,0.447,0.00481,0.00427,0.00458,0.07534072631846271,0.07020065543609498,5.272202620748413e+34,3.9817254140536305e-08,6.79181279825217e-06,3.9085393258426965e+39,0.00295206897722258,65601.53282716846,0.002080210959765616
1.525,6.75,17625,0.08207,1233,0.00621,1e-05,0.40555,1.0272,0.90213,0.41658,0.36586,0.00392,0.00345,0.00382,0.07566711343974655,0.06995744680851064,6.344894617307453e+34,4.7918545557793613e-08,4.65645390070922e-06,5.67632850241546e+39,0.00428725717705095,95272.38171224334,0.0030210674058930537
1.525,7.25,17603,0.05784,1210,0.00426,1e-05,0.34866,1.00629,0.87489,0.35085,0.30504,0.00333,0.0029,0.00331,0.07365145228215766,0.06873828324717378,7.73975476057141e+34,5.8452947364786717e-08,3.2858035562120095e-06,8.264319248826292e+39,0.006241932967391459,138709.62149758797,0.004398453243835235
1.525,7.75,17527,0.04105,1156,0.00271,1e-05,0.29941,0.98704,0.85007,0.29553,0.25452,0.0028,0.00241,0.00283,0.06601705237515225,0.06595538312318137,1.0251143014932332e+35,7.741970406262616e-08,2.342100758829235e-06,1.2935055350553505e+40,0.009769679267789655,217103.983728659,0.006884322162882388
1.525,8.25,17399,0.03,1106,0.00188,1e-05,0.26293,0.96924,0.82732,0.25484,0.21753,0.00243,0.00207,0.0025,0.06266666666666666,0.06356687165929076,1.2523502439578276e+35,9.458124340743354e-08,1.724237025116386e-06,1.8509574468085107e+40,0.013980041139037088,310667.58086749085,0.009851204365407498
1.525,8.75,17506,0.02251,1051,0.00139,1e-05,0.23188,0.9527,0.80637,0.22091,0.18698,0.00209,0.00177,0.0022,0.061750333185251,0.060036558894093456,1.466139568540722e+35,1.1072725387362903e-07,1.2858448531931909e-06,2.518848920863309e+40,0.019024538677215323,422767.5261603405,0.013405870312035151
1.525,9.25,17539,0.01698,964,0.00092,0.0,0.20472,0.93728,0.78699,0.19188,0.16111,0.00182,0.00153,0.00194,0.05418138987043581,0.05496322481327328,1.9237566957609375e+35,1.452878706865748e-07,9.681281715035064e-07,3.8128260869565217e+40,0.028797780112964664,639950.6691769925,0.02029270259947338
1.525,9.75,17609,0.01309,851,0.00062,0.0,0.18306,0.92284,0.76899,0.16893,0.14077,0.00159,0.00133,0.00172,0.04736440030557678,0.04832755977057187,2.499603767928307e+35,1.8877756724781412e-07,7.433698676812993e-07,5.680322580645161e+40,0.04290273852451027,953394.1894335616,0.030231931425468088
1.525,10.25,17290,0.00994,733,0.00047,0.0,0.16369,0.90929,0.75221,0.14884,0.12313,0.00142,0.00117,0.00156,0.04728370221327968,0.042394447657605555,2.8418350134658373e+35,2.1462389649315285e-07,5.748987854251012e-07,7.357446808510638e+40,0.05556983994343381,1234885.332076307,0.03915795700394175
1.525,10.75,17694,0.00798,656,0.00031,0.0,0.14753,0.89652,0.73653,0.13227,0.10866,0.00125,0.00102,0.00139,0.03884711779448622,0.03707471459251724,3.892331667629994e+35,2.9396055189411623e-07,4.510003390979993e-07,1.141548387096774e+41,0.0862196666991521,1915992.593314491,0.060755726576436166
1.5750000000000002,2.25,17399,11.32295,426,0.30359,0.00019,3.42481,1.37731,1.39677,4.71704,4.78368,0.04628,0.04694,0.0336,0.026811917389019647,0.02448416575665268,1.5813666079684288e+34,1.194295451981292e-08,0.0006507816541180528,1.1462169373167756e+38,8.657227623238485e-05,1923.8283607196634,6.1004197130887346e-05
1.5750000000000002,2.75,17258,5.03556,677,0.22296,0.00012,2.41512,1.31071,1.29729,3.1655,3.13311,0.03113,0.03081,0.02375,0.04427710125586826,0.039228184030594505,1.4269491502081356e+34,1.0776747603716754e-08,0.0002917812029203848,1.548080373161105e+38,0.00011692449948346713,2598.322210743714,8.23922568094785e-05
1.5750000000000002,3.25,17289,2.49865,869,0.14202,8e-05,1.76774,1.25573,1.21703,2.2198,2.15139,0.02166,0.02099,0.01725,0.05683869289416285,0.05026317311585401,1.585156210637148e+34,1.1971574734817218e-08,0.00014452252877552202,2.4347275031685672e+38,0.0001838918053752694,4086.4845638948755,0.00012958157546597146
1.5750000000000002,3.75,17560,1.35369,1001,0.09072,6e-05,1.33095,1.20923,1.15047,1.60942,1.53122,0.01551,0.01476,0.01283,0.06701682069011368,0.057004555808656036,1.8542862626445532e+34,1.400412553919306e-08,7.708940774487472e-05,3.8712522045855375e+38,0.00029239064989316745,6497.569997625944,0.00020603659302466845
1.5750000000000002,4.25,17534,0.77752,1092,0.05401,4e-05,1.04316,1.16914,1.09409,1.2196,1.14131,0.01178,0.01103,0.01008,0.0694644510752135,0.062279000798448725,2.360749855671565e+34,1.7829090368337474e-08,4.4343561081327706e-05,6.492871690427698e+38,0.0004903981639295844,10897.736976212987,0.0003455649726094935
1.5750000000000002,4.75,17503,0.47882,1185,0.038,3e-05,0.85253,1.13406,1.04552,0.96682,0.89134,0.00932,0.00859,0.00822,0.07936176433732926,0.06770267954065018,2.6065919852277514e+34,1.96857638035477e-08,2.735645317945495e-05,9.212105263157895e+38,0.0006957783431388137,15461.740958640305,0.0004902885895053369
1.5750000000000002,5.25,17328,0.29297,1282,0.02473,2e-05,0.68213,1.10298,1.0031,0.75237,0.68424,0.00726,0.0066,0.00658,0.0844113731781411,0.07398430286241921,3.149180547953438e+34,2.3783555229615875e-08,1.6907317636195753e-05,1.401374848362313e+39,0.0010584402177963087,23520.89372880686,0.0007458426474126985
1.5750000000000002,5.75,17366,0.193,1283,0.01637,2e-05,0.56939,1.07516,0.96562,0.61219,0.54982,0.00591,0.0053,0.00549,0.08481865284974092,0.07387999539329725,3.8516994720866694e+34,2.9089188672205036e-08,1.1113670390418058e-05,2.121686010995724e+39,0.0016024818814167098,35610.708475926884,0.001129208158166124
1.5750000000000002,6.25,17493,0.13015,1302,0.01122,2e-05,0.4762,1.05004,0.93219,0.50003,0.44391,0.0048,0.00426,0.00457,0.08620822128313486,0.0744297719087635,4.639650319733043e+34,3.504002960299858e-08,7.440118904704738e-06,3.1181818181818177e+39,0.002355122219170557,52336.04931490127,0.0016595652370275642
1.5750000000000002,6.75,17485,0.0899,1351,0.00777,1e-05,0.40532,1.0272,0.90213,0.41634,0.36565,0.00399,0.0035,0.00388,0.0864293659621802,0.07726622819559623,5.558025445617317e+34,4.197587376797309e-08,5.141549899914212e-06,4.5006435006435004e+39,0.003399277568461858,75539.50152137462,0.002395341879800058
1.5750000000000002,7.25,17529,0.06365,1304,0.00519,1e-05,0.34826,1.00629,0.87489,0.35045,0.30469,0.00337,0.00293,0.00334,0.08153967007069914,0.0743910091847795,6.998983690388713e+34,5.285842225201052e-08,3.6311255633521594e-06,6.754913294797687e+39,0.005101898258910639,113375.51686468087,0.0035951140558308243
1.5750000000000002,7.75,17881,0.04634,1281,0.00341,1e-05,0.29904,0.98704,0.85007,0.29517,0.25421,0.00282,0.00243,0.00285,0.07358653431160984,0.07164028857446451,9.207875336415804e+34,6.954063391296581e-08,2.591577652256585e-06,1.0487390029325512e+40,0.007920989448131051,176021.9877362456,0.005581620615685109
1.5750000000000002,8.25,17487,0.03337,1215,0.00255,1e-05,0.26238,0.96924,0.82732,0.25431,0.21707,0.00245,0.00209,0.00253,0.07641594246329039,0.06948018528049409,1.0291592552242476e+35,7.772519109011763e-08,1.9082747183622116e-06,1.3715294117647057e+40,0.010358983472543094,230199.63272317985,0.00729958246839104
1.5750000000000002,8.75,17115,0.02421,1119,0.0017,1e-05,0.22966,0.9527,0.80637,0.21879,0.18519,0.00212,0.00179,0.00222,0.07021891780256093,0.06538124452234882,1.3018123744767341e+35,9.831677172998519e-08,1.4145486415425065e-06,2.0135294117647058e+40,0.015207926070730404,337953.9126828979,0.010716448271274033
1.5750000000000002,9.25,17551,0.01877,1112,0.00134,1e-05,0.20347,0.93728,0.78699,0.19071,0.16013,0.00183,0.00153,0.00195,0.07139051678209911,0.06335821320722466,1.4689804086379488e+35,1.1094180263106629e-07,1.069454731924107e-06,2.6195522388059694e+40,0.019785137755332093,439669.72789626877,0.01394183561314906
1.5750000000000002,9.75,17372,0.01417,916,0.00084,0.0,0.18046,0.92284,0.76899,0.16654,0.13877,0.0016,0.00133,0.00173,0.059280169371912494,0.05272852866682017,2.0258253415452885e+35,1.5299640069067958e-07,8.156804052498273e-07,4.1361904761904756e+40,0.031240109336786066,694224.6519285793,0.022013719302656623
1.5750000000000002,10.25,17161,0.0109,758,0.00061,0.0,0.16233,0.90929,0.75221,0.14761,0.12211,0.00144,0.00119,0.00158,0.055963302752293574,0.04416992016782239,2.4210896902671084e+35,1.8284794881558102e-07,6.351611211467863e-07,5.62655737704918e+40,0.04249665692635332,944370.1539189627,0.029945781136446054
1.5750000000000002,10.75,17569,0.00867,654,0.00038,0.0,0.1447,0.89652,0.73653,0.12972,0.10657,0.00124,0.00102,0.00139,0.04382929642445213,0.03722465706642381,3.517698037879157e+35,2.6566709749106235e-07,4.934828390915818e-07,9.246842105263158e+40,0.0698401971696613,1552004.3815480291,0.04921373609677921
1.625,2.25,17461,13.54142,500,0.40816,0.0002,3.82486,1.37731,1.39677,5.26804,5.34245,0.0513,0.05203,0.03725,0.030141595194595545,0.028635244258633525,1.2595479310694419e+34,9.512483430778957e-09,0.0007755237386174904,8.555958447667582e+37,6.462204265609955e-05,1436.045392357768,4.553670067090842e-05
1.625,2.75,17348,5.99203,753,0.27479,0.00013,2.66457,1.31071,1.29729,3.49246,3.45672,0.03369,0.03334,0.0257,0.045859249703355955,0.0434055798939359,1.2487388111147867e+34,9.430849717655664e-09,0.0003454017754207978,1.2626369227410023e+38,9.536532649101225e-05,2119.22947757805,6.720032589986206e-05
1.625,3.25,17558,3.0722,1039,0.20161,9e-05,1.98612,1.25573,1.21703,2.49402,2.41716,0.02389,0.02315,0.01902,0.0656239828136189,0.059175304704408245,1.2219895134740395e+34,9.228831005770255e-09,0.00017497437065725025,1.741778681613015e+38,0.00013155428108859628,2923.428468635473,9.27013086198463e-05
1.625,3.75,17350,1.64279,1078,0.10932,6e-05,1.51172,1.20923,1.15047,1.82801,1.73919,0.01753,0.01668,0.0145,0.06654532837429009,0.06213256484149856,1.644121300917477e+34,1.2416896766992499e-08,9.468530259365995e-05,3.1741675814123666e+38,0.00023974075388310924,5327.572308513539,0.0001689362096814288
1.625,4.25,17344,0.93638,1220,0.07142,5e-05,1.17102,1.16914,1.09409,1.36908,1.28119,0.0131,0.01226,0.01121,0.07627245349110404,0.07034132841328414,1.9152851998709882e+34,1.4464807792998928e-08,5.398869926199262e-05,4.8569028283394e+38,0.00036683556105282473,8151.901356729439,0.0002584950962940588
1.625,4.75,17554,0.57591,1227,0.04417,3e-05,0.94032,1.13406,1.04552,1.06638,0.98312,0.01015,0.00935,0.00895,0.07669601152957928,0.06989859861000342,2.4453736306585976e+34,1.846819447669056e-08,3.280790702973681e-05,7.948381254244962e+38,0.0006003309104414623,13340.686898699161,0.0004230304064782839
1.625,5.25,17511,0.36457,1426,0.03203,3e-05,0.77079,1.10298,1.0031,0.85016,0.77318,0.00813,0.00739,0.00737,0.08785692733905698,0.08143452686882531,2.677646970480089e+34,2.0222392345593903e-08,2.0819484895208728e-05,1.0934124258507647e+39,0.0008258402007936288,18352.00446208064,0.0005819382439776966
1.625,5.75,17509,0.23689,1444,0.02089,2e-05,0.63485,1.07516,0.96562,0.68256,0.61302,0.00649,0.00583,0.00604,0.08818438937903668,0.08247187160888686,3.3227483411085285e+34,2.5094391217495113e-08,1.3529613341709978e-05,1.6763044518908568e+39,0.001266090975748381,28135.355016630692,0.0008921662549667267
1.625,6.25,17479,0.15845,1479,0.01465,2e-05,0.53045,1.05004,0.93219,0.557,0.49448,0.00537,0.00477,0.00511,0.0924581887030609,0.08461582470393043,3.8835546350818923e+34,2.9329768409348932e-08,9.06516391097889e-06,2.386211604095563e+39,0.0018022746254498208,40050.54723221824,0.001269994521569579
1.625,6.75,17512,0.10893,1438,0.00994,1e-05,0.44761,1.0272,0.90213,0.45979,0.4038,0.00439,0.00386,0.00428,0.09125126227852749,0.08211512105984468,4.766851177750949e+34,3.600068860169887e-08,6.220306075833714e-06,3.52354124748491e+39,0.002661284930124554,59139.66511387898,0.0018753064787506019
1.625,7.25,17388,0.07686,1451,0.00677,1e-05,0.38641,1.00629,0.87489,0.38884,0.33806,0.00374,0.00325,0.00372,0.08808222742648972,0.08344835518748563,5.839434248015952e+34,4.41011573749411e-08,4.420289855072464e-06,5.1367799113737074e+39,0.0038797431354786307,86216.51412174734,0.00273390772836591
1.625,7.75,17519,0.05538,1319,0.00459,1e-05,0.33201,0.98704,0.85007,0.32771,0.28223,0.00314,0.00271,0.00319,0.0828819068255688,0.07528968548433129,7.363436866207428e+34,5.561088185339043e-08,3.161139334436897e-06,7.633551198257081e+39,0.00576552205306426,128122.7122903169,0.0040627445551216675
1.625,8.25,17477,0.04034,1244,0.00299,1e-05,0.28848,0.96924,0.82732,0.2796,0.23866,0.0027,0.0023,0.00278,0.07411998016856718,0.07117926417577387,9.650671527887426e+34,7.288476344601937e-08,2.308176460490931e-06,1.1690301003344481e+40,0.008829532479867432,196211.83288594292,0.006221836405566429
1.625,8.75,17540,0.0302,1168,0.00221,1e-05,0.25383,0.9527,0.80637,0.24183,0.20468,0.00233,0.00197,0.00245,0.07317880794701986,0.06659064994298745,1.1301458355903506e+35,8.535200027115402e-08,1.7217787913340935e-06,1.5873303167420812e+40,0.011988899673278559,266419.9927395235,0.008448122550086362
1.625,9.25,17336,0.02231,1109,0.00161,1e-05,0.22204,0.93728,0.78699,0.20811,0.17474,0.002,0.00168,0.00214,0.07216494845360825,0.06397092754960776,1.331713310955058e+35,1.005749800585347e-07,1.2869173973234887e-06,2.1535403726708072e+40,0.016265410669719087,361453.57043820195,0.011461617530384384
1.625,9.75,17538,0.01721,934,0.00105,0.0,0.19672,0.92284,0.76899,0.18154,0.15127,0.00175,0.00146,0.0019,0.061011040092969204,0.053255787433002626,1.8057151250937742e+35,1.3637301752841733e-07,9.812977534496521e-07,3.340571428571429e+40,0.02523090202848511,560686.7117441136,0.01777925899746682
1.625,10.25,17661,0.01354,802,0.00077,0.0,0.17722,0.90929,0.75221,0.16114,0.1333,0.00155,0.00128,0.00171,0.05686853766617429,0.04541079214087537,2.182501623981083e+35,1.6482906306027358e-07,7.666610044731329e-07,4.587272727272728e+40,0.03464707497940126,769934.9995422503,0.02441447867650464
1.625,10.75,17861,0.01064,747,0.00051,0.0,0.15788,0.89652,0.73653,0.14154,0.11628,0.00135,0.00111,0.00151,0.04793233082706767,0.04182296623929231,2.9479645468474233e+35,2.226391168980759e-07,5.957113263535077e-07,7.004313725490194e+40,0.052902671642675175,1175614.9253927816,0.03727850473721403
1.6749999999999998,2.25,17551,17.96267,554,0.54007,0.00021,4.7675,1.37731,1.39677,6.56634,6.6591,0.06318,0.06407,0.04587,0.03006624293604459,0.031565152982736024,1.0130420366959859e+34,7.65079704475482e-09,0.0010234556435530738,6.499527838983836e+37,4.909008941830691e-05,1090.8908759623757,3.459192275375367e-05
1.6749999999999998,2.75,17577,8.13606,870,0.40368,0.00014,3.35393,1.31071,1.29729,4.39602,4.35103,0.0422,0.04177,0.03219,0.04961615327320595,0.04949650110940434,9.169533585403305e+33,6.925106551924556e-09,0.0004628810377197474,8.708382877526754e+37,6.57732845734649e-05,1461.6285460769977,4.634793715363387e-05
1.6749999999999998,3.25,17584,4.16295,1130,0.26062,9e-05,2.51303,1.25573,1.21703,3.15569,3.05843,0.03021,0.02928,0.02406,0.06260464334186094,0.06426296633303002,1.0123463383064524e+34,7.645542922033474e-09,0.00023674647406733397,1.3493975903614455e+38,0.00010191824700615146,2264.8499334700327,7.18179202647778e-05
1.6749999999999998,3.75,17485,2.26256,1220,0.15278,7e-05,1.92513,1.20923,1.15047,2.32792,2.2148,0.0223,0.02121,0.01844,0.06752528109751785,0.0697740920789248,1.2723176250752398e+34,9.608923986672e-09,0.00012940005719187876,2.2889121612776545e+38,0.0001728785620300343,3841.745822889651,0.00012182096089832735
1.6749999999999998,4.25,17243,1.29921,1259,0.09206,5e-05,1.51832,1.16914,1.09409,1.77512,1.66117,0.01706,0.01597,0.01459,0.07085844474719252,0.07301513657716174,1.590049565986877e+34,1.2008530820835865e-08,7.534709737284695e-05,3.7460351944384096e+38,0.0002829331717853783,6287.403817452851,0.0001993722671693573
1.6749999999999998,4.75,17390,0.80228,1391,0.06132,4e-05,1.22529,1.13406,1.04552,1.38955,1.28106,0.01328,0.01225,0.01171,0.07643216832028718,0.0799884991374353,1.883127114859276e+34,1.4221940298008276e-08,4.61345600920069e-05,5.671885192433137e+38,0.00042839012027440606,9519.780450542357,0.00030187025781780685
1.6749999999999998,5.25,17365,0.51406,1397,0.03921,3e-05,1.01332,1.10298,1.0031,1.11767,1.01646,0.01073,0.00976,0.00973,0.07627514297941876,0.08044917938381803,2.346028973220505e+34,1.7717913852582924e-08,2.960322487762741e-05,8.857434327977556e+38,0.0006689905081554044,14866.455736786766,0.000471412218949352
1.6749999999999998,5.75,17446,0.34161,1533,0.03004,2e-05,0.8478,1.07516,0.96562,0.91151,0.81865,0.00872,0.00783,0.00811,0.08793653581569626,0.08787114524819443,2.495164627910483e+34,1.8844231009066406e-08,1.958099277771409e-05,1.1615179760319573e+39,0.0008772794380906021,19495.0986242356,0.0006181855220774861
1.6749999999999998,6.25,17375,0.22887,1496,0.01861,2e-05,0.70995,1.05004,0.93219,0.74548,0.66181,0.00718,0.00637,0.00684,0.08131253550050248,0.08610071942446043,3.299411589796253e+34,2.4918145078138e-08,1.3172374100719424e-05,1.8672756582482534e+39,0.001410329047015297,31340.64548922882,0.0009938053491003558
1.6749999999999998,6.75,17519,0.16062,1483,0.01329,2e-05,0.60666,1.0272,0.90213,0.62316,0.54729,0.00598,0.00525,0.00582,0.08274187523347029,0.08465095039671214,3.878868599087995e+34,2.9294378061234006e-08,9.16833152577202e-06,2.6364183596689237e+39,0.0019912525375142924,44250.0563892065,0.0014031600833715912
1.6749999999999998,7.25,17669,0.11542,1448,0.00925,1e-05,0.52428,1.00629,0.87489,0.52758,0.45869,0.00501,0.00436,0.00498,0.08014208975914053,0.08195144037579942,4.730216398588967e+34,3.5724011770930944e-08,6.532344784651084e-06,3.820324324324325e+39,0.002885441332571242,64120.91850158316,0.002033260987493124
1.6749999999999998,7.75,17427,0.08254,1419,0.00607,1e-05,0.45614,0.98704,0.85007,0.45023,0.38775,0.00434,0.00374,0.0044,0.07354010176883935,0.08142537441900499,6.040478450680945e+34,4.5619503441439053e-08,4.736328685373272e-06,5.742009884678747e+39,0.004336865471811742,96374.78826248315,0.0030560244882826978
1.6749999999999998,8.25,17464,0.06091,1297,0.0042,1e-05,0.39918,0.96924,0.82732,0.3869,0.33025,0.00372,0.00317,0.00384,0.06895419471351173,0.07426706367384334,7.496707651786484e+34,5.661738276403959e-08,3.487746220797068e-06,8.316190476190476e+39,0.006281110631563803,139580.2362569734,0.0044260602567533424
1.6749999999999998,8.75,17345,0.04536,1240,0.00299,1e-05,0.35266,0.9527,0.80637,0.33598,0.28438,0.00324,0.00274,0.0034,0.06591710758377425,0.07149034303833958,9.030637872416756e+34,6.820208347116347e-08,2.6151628711444217e-06,1.1602006688963212e+40,0.008762844931241095,194729.88736091324,0.006174844221236468
1.6749999999999998,9.25,17583,0.03449,1150,0.00195,1e-05,0.30912,0.93728,0.78699,0.28973,0.24327,0.00278,0.00233,0.00296,0.0565381269933314,0.06540408348973441,1.2209422211838254e+35,9.220921540546978e-08,1.9615537735312518e-06,1.8033846153846154e+40,0.013620729723448756,302682.8827433057,0.00959801124883643
1.6749999999999998,9.75,17372,0.02634,921,0.00135,1e-05,0.27728,0.92284,0.76899,0.25589,0.21323,0.00248,0.00206,0.00268,0.05125284738041003,0.05301634814644255,1.524960812154528e+35,1.1516961046405315e-07,1.5162330186507023e-06,2.573629629629629e+40,0.019438290254000217,431962.00564444927,0.01369742534387523
1.6749999999999998,10.25,17466,0.02062,869,0.00102,0.0,0.2488,0.90929,0.75221,0.22623,0.18715,0.00218,0.0018,0.00239,0.04946653734238604,0.0497538073972289,1.7871799738770103e+35,1.3497318736326638e-07,1.1805794114279172e-06,3.42470588235294e+40,0.02586635862804335,574807.9695120745,0.01822704114383798
1.6749999999999998,10.75,17605,0.01641,773,0.00062,0.0,0.225,0.89652,0.73653,0.20171,0.16572,0.00193,0.00159,0.00216,0.03778184034125533,0.04390798068730474,2.6243361197247408e+35,1.9819772824746926e-07,9.321215563760296e-07,5.679032258064517e+40,0.042892992885683656,953177.619681859,0.030225064043691623
1.725,2.25,17765,22.33846,657,0.72623,0.00023,5.57072,1.37731,1.39677,7.67263,7.78101,0.07428,0.07533,0.05393,0.03251029838225195,0.036982831410075995,8.017976602561584e+33,6.055416209169688e-09,0.0012574421615536167,4.89238946339314e+37,3.6951582049797126e-05,821.1462677732695,2.603837733933503e-05
1.725,2.75,17513,10.10389,922,0.49926,0.00015,3.95353,1.31071,1.29729,5.18191,5.12888,0.05007,0.04955,0.0382,0.04941265195880003,0.05264660537886142,7.810915991643168e+33,5.899037830710042e-09,0.0005769365614115229,7.0155830629331405e+37,5.2987787484389275e-05,1177.5063885419838,3.733848264022019e-05
1.725,3.25,17417,5.14709,1168,0.31716,0.0001,2.95366,1.25573,1.21703,3.709,3.59469,0.03585,0.03475,0.02855,0.061619283906051765,0.06706091749440202,8.750976455541447e+33,6.6089996643315805e-09,0.00029552104265947066,1.0983100012611931e+38,8.29539275877034e-05,1843.4206130600755,5.8454484178718785e-05
1.725,3.75,17623,2.89012,1320,0.19893,7e-05,2.28904,1.20923,1.15047,2.76797,2.63347,0.02657,0.02528,0.02197,0.06883105199784091,0.07490211655223288,1.0497459544017162e+34,7.927996030524252e-09,0.00016399704931056007,1.7717790177449352e+38,0.00013382016750339388,2973.7815000754194,9.429799277255897e-05
1.725,4.25,17573,1.6977,1440,0.12952,5e-05,1.82089,1.16914,1.09409,2.12888,1.99222,0.0203,0.019,0.01736,0.07629145314248689,0.08194389119672224,1.2314107103767503e+34,9.299982708079075e-09,9.660843339213566e-05,2.7135577516985794e+38,0.00020495149182013438,4554.4775960029865,0.0001444215371639709
1.725,4.75,17584,1.03635,1451,0.07564,4e-05,1.4603,1.13406,1.04552,1.65606,1.52676,0.01577,0.01454,0.0139,0.07298692526656052,0.08251819836214741,1.6546603483564646e+34,1.2496490811543422e-08,5.893710191082803e-05,4.649391856160761e+38,0.0003511625269003596,7803.6117088968795,0.0002474509040111897
1.725,5.25,17652,0.66257,1548,0.0539,3e-05,1.19589,1.10298,1.0031,1.31904,1.1996,0.01257,0.01144,0.0114,0.08134989510542283,0.08769544527532291,1.863867486918017e+34,1.4076485816162048e-08,3.753512349875368e-05,6.5499072356215205e+38,0.0004947059845635588,10993.46632363464,0.00034860053030297565
1.725,5.75,17432,0.44373,1443,0.03284,2e-05,1.02377,1.07516,0.96562,1.10071,0.98857,0.0105,0.00943,0.00977,0.07400896941833998,0.08277879761358421,2.4551200154930444e+34,1.8541802095710628e-08,2.5454910509407986e-05,1.0616321559074299e+39,0.0008018369757608986,17818.599461353304,0.000565024082361533
1.725,6.25,17285,0.29705,1562,0.02459,2e-05,0.85881,1.05004,0.93219,0.90178,0.80057,0.00863,0.00766,0.00822,0.082780676653762,0.09036737055250217,2.679170943561796e+34,2.023390184700397e-08,1.7185420885160544e-05,1.40585603904026e+39,0.0010618248029004983,23596.106731122185,0.0007482276360705919
1.725,6.75,17579,0.20937,1595,0.017,2e-05,0.72952,1.0272,0.90213,0.74936,0.65811,0.00712,0.00625,0.00693,0.08119596885895783,0.09073326127766085,3.287040235118281e+34,2.4824712900221137e-08,1.1910233801695204e-05,2.0681176470588236e+39,0.0015620223920383863,34711.60871196414,0.0011006978916782133
1.725,7.25,17474,0.14843,1538,0.01136,1e-05,0.63012,1.00629,0.87489,0.63409,0.55129,0.00602,0.00523,0.00598,0.07653439331671495,0.08801648162985007,4.121188199391431e+34,3.112444829991262e-08,8.49433443973904e-06,3.076408450704225e+39,0.0023235713373898977,51634.9186086644,0.0016373325281793631
1.725,7.75,17543,0.11019,1370,0.00726,1e-05,0.55831,0.98704,0.85007,0.55108,0.4746,0.00526,0.00453,0.00533,0.06588619656956167,0.07809382659750327,5.508342146480809e+34,4.160065060403904e-08,6.281137775751012e-06,4.832782369146005e+39,0.003650137741046831,81114.17202326292,0.0025721135217929643
1.725,8.25,17507,0.08042,1386,0.00523,1e-05,0.48457,0.96924,0.82732,0.46966,0.40089,0.00447,0.00381,0.00461,0.06503357373787615,0.07916833266693322,6.548001975962596e+34,4.9452473196605956e-08,4.593591134974582e-06,6.694837476099425e+39,0.005056523773488991,112367.19496642203,0.0035631403781843617
1.725,8.75,17692,0.0618,1240,0.00351,1e-05,0.43358,0.9527,0.80637,0.41307,0.34963,0.00388,0.00329,0.00408,0.05679611650485437,0.07008817544652951,8.524868718056313e+34,6.438236325093507e-08,3.4931042278996157e-06,1.0080911680911681e+40,0.00761398163210852,169199.59182463377,0.0053652838604970115
1.725,9.25,17453,0.0466,1185,0.00257,1e-05,0.38691,0.93728,0.78699,0.36264,0.30449,0.00345,0.00289,0.00368,0.05515021459227467,0.06789663668137283,1.0000163092788638e+35,7.55242284781258e-08,2.6700280754025098e-06,1.3582101167315177e+40,0.010258384567458591,227964.1014990798,0.007228694238301618
1.725,9.75,17489,0.03586,1016,0.00166,1e-05,0.3444,0.92284,0.76899,0.31782,0.26484,0.00301,0.00251,0.00326,0.04629113218070273,0.058093658871290525,1.3594115938930348e+35,1.0266683739090964e-07,2.050431699925668e-06,2.1071084337349393e+40,0.015914716266880204,353660.3614862268,0.01121449649563124
1.725,10.25,17697,0.02817,879,0.00105,1e-05,0.30784,0.90929,0.75221,0.27991,0.23156,0.00264,0.00218,0.0029,0.03727369542066027,0.04966943549754196,1.9169426907628473e+35,1.4477325660923247e-07,1.5917952195287337e-06,3.370857142857143e+40,0.02545964609408718,565769.9132019373,0.01794044625830598
1.725,10.75,17582,0.02242,750,0.00072,0.0,0.28219,0.89652,0.73653,0.25299,0.20784,0.0024,0.00197,0.00267,0.03211418376449599,0.042657263109998865,2.461669543372377e+35,1.859126609298676e-07,1.2751677852348992e-06,4.883888888888888e+40,0.03688737831487075,819719.5181082389,0.025993135404244003
1.775,2.25,17383,19.71924,694,0.73093,0.00024,4.80917,1.37731,1.39677,6.62374,6.71731,0.0663,0.06724,0.04814,0.03706684436114171,0.039924063740436055,8.145938075633747e+33,6.152056548322442e-09,0.0011343979750330782,4.75640622221006e+37,3.592451829463791e-05,798.3226287697314,2.53146444942203e-05
1.775,2.75,17401,9.32999,996,0.52653,0.00015,3.49633,1.31071,1.29729,4.58266,4.53576,0.04552,0.04506,0.03473,0.05643414408804297,0.057238089764956035,7.733398966536912e+33,5.840494650356402e-09,0.0005361755071547613,6.609689856228513e+37,4.992212882347819e-05,1109.3806405217376,3.517822934175982e-05
1.775,3.25,17505,4.75279,1190,0.32562,0.00011,2.5709,1.25573,1.21703,3.22836,3.12886,0.0318,0.03082,0.02533,0.06851133755120677,0.06798057697800629,9.04243908156969e+33,6.8291209739216745e-09,0.0002715104255926878,1.0751796572692095e+38,8.1206922754472e-05,1804.5982834327112,5.722343618190992e-05
1.775,3.75,17321,2.62051,1324,0.19605,8e-05,1.99333,1.20923,1.15047,2.41039,2.29326,0.02362,0.02248,0.01954,0.07481368130631061,0.07643900467640437,1.109076883672475e+34,8.37608098838815e-09,0.00015129091853819063,1.7669982147411373e+38,0.0001334590796632279,2965.7573258495086,9.404354787701384e-05
1.775,4.25,17706,1.58529,1485,0.13006,6e-05,1.5881,1.16914,1.09409,1.85672,1.73752,0.01799,0.01684,0.01539,0.08204177153706893,0.0838698746187733,1.3129510975777232e+34,9.915800147856832e-09,8.953405625211793e-05,2.722743349223435e+38,0.00020564526806823524,4569.894845960783,0.00014491041495309434
1.775,4.75,17339,0.96373,1477,0.07759,4e-05,1.29258,1.13406,1.04552,1.46586,1.35141,0.01433,0.01321,0.01263,0.08051010137694169,0.08518368994751715,1.6946777522679005e+34,1.2798714238108152e-08,5.558163677259357e-05,4.469390385358937e+38,0.0003375672496494665,7501.494436654812,0.0002378708281536914
1.775,5.25,17525,0.62336,1666,0.05608,3e-05,1.06123,1.10298,1.0031,1.17051,1.06451,0.0113,0.01028,0.01025,0.08996406570841889,0.0950641940085592,1.8992659977969537e+34,1.4343825978377414e-08,3.5569757489301e-05,6.25e+38,0.00047205438066465254,10490.09734810339,0.00033263880479779905
1.775,5.75,17435,0.40686,1652,0.03706,3e-05,0.87704,1.07516,0.96562,0.94296,0.84689,0.00919,0.00826,0.00855,0.0910878434842452,0.09475193576139948,2.3285003359001657e+34,1.7585532330640928e-08,2.3335818755377115e-05,9.409066378845115e+38,0.0007106545603357337,15792.323563016304,0.0005007712951235509
1.775,6.25,17540,0.27583,1721,0.02627,2e-05,0.73303,1.05004,0.93219,0.76972,0.68333,0.00743,0.0066,0.00708,0.0952398216292644,0.09811858608893957,2.728215368919543e+34,2.060430004470616e-08,1.5725769669327254e-05,1.3353635325466308e+39,0.0010085827285095399,22412.94952243422,0.000710709967099005
1.775,6.75,17391,0.19519,1594,0.01697,2e-05,0.64016,1.0272,0.90213,0.65757,0.5775,0.00639,0.00561,0.00622,0.08694092935088887,0.09165660399056984,3.4983537762277175e+34,2.6420616088118097e-08,1.1223621413374734e-05,2.0496169711255156e+39,0.001548049071847066,34401.09048549036,0.0010908514233095622
1.775,7.25,17644,0.13918,1578,0.01228,1e-05,0.54401,1.00629,0.87489,0.54743,0.47595,0.00525,0.00456,0.00522,0.08823106768213823,0.08943550215370664,4.14075816871504e+34,3.127224657287999e-08,7.888233960553162e-06,2.873615635179153e+39,0.0021704045582924113,48231.21240649803,0.0015294017125348184
1.775,7.75,17580,0.10163,1447,0.00799,1e-05,0.47706,0.98704,0.85007,0.47088,0.40553,0.00452,0.00389,0.00458,0.07861851815408837,0.0823094425483504,5.402501512891794e+34,4.0801310421356337e-08,5.781001137656427e-06,4.4005006257822274e+39,0.0033236409560288725,73858.68791175273,0.002342043629875467
1.775,8.25,17443,0.07463,1379,0.00551,1e-05,0.41844,0.96924,0.82732,0.40556,0.34618,0.00389,0.00332,0.00401,0.07383089910223771,0.07905750157656366,6.679388800572228e+34,5.044474586943756e-08,4.278507137533681e-06,6.331397459165154e+39,0.004782022250124738,106267.16111388308,0.0033697095736264296
1.775,8.75,17464,0.05686,1367,0.00402,1e-05,0.37421,0.9527,0.80637,0.35651,0.30175,0.00342,0.00289,0.00359,0.07069996482588815,0.07827530920751259,7.934856585770482e+34,5.992641481587857e-08,3.255840586349061e-06,8.688557213930347e+39,0.006562354391186062,145830.0975819125,0.004624242059294536
1.775,9.25,17532,0.04303,1196,0.00265,1e-05,0.32897,0.93728,0.78699,0.30834,0.2589,0.00295,0.00248,0.00315,0.06158494073901929,0.06821811544604152,1.0532357688951549e+35,7.954352155389734e-08,2.454369153547798e-06,1.3231698113207548e+40,0.009993729692754945,222082.882061221,0.007042201993316241
1.775,9.75,17647,0.03366,1005,0.00168,1e-05,0.296,0.92284,0.76899,0.27316,0.22762,0.0026,0.00216,0.00282,0.049910873440285206,0.05695018983396612,1.4669581407024663e+35,1.1078907489634213e-07,1.9074063580211937e-06,2.1008333333333328e+40,0.015867321248741184,352607.1388609152,0.011181099025270015
1.775,10.25,17376,0.02599,878,0.00121,1e-05,0.26692,0.90929,0.75221,0.2427,0.20078,0.00233,0.00193,0.00256,0.046556367833782225,0.05052946593001842,1.770032043096432e+35,1.3367812424261248e-07,1.4957412523020258e-06,2.872066115702479e+40,0.021692342263613888,482052.0503025308,0.015285770240440475
1.775,10.75,17570,0.02056,797,0.00089,0.0,0.23872,0.89652,0.73653,0.21402,0.17582,0.00202,0.00166,0.00226,0.04328793774319066,0.04536141149686966,2.1587817582941425e+35,1.630376677210288e-07,1.170176437108708e-06,3.948314606741573e+40,0.02982110730167351,662691.2733705224,0.021013802428035338
1.825,2.25,17552,19.47724,676,0.71278,0.00025,4.52681,1.37731,1.39677,6.23484,6.32291,0.06356,0.06446,0.04615,0.03659553406950882,0.03851412944393801,8.765497962125457e+33,6.619966741277438e-09,0.0011096877848678212,4.924941777266478e+37,3.7197445447632004e-05,826.6098988362668,2.621162794381871e-05
1.825,2.75,17468,9.01625,1015,0.53173,0.00016,3.2207,1.31071,1.29729,4.22139,4.17819,0.04259,0.04216,0.0325,0.058974629141827266,0.05810625143118846,8.033583279419923e+33,6.0672028392265854e-09,0.0005161581177009388,6.570251819532468e+37,4.962425845568329e-05,1102.7612990151842,3.496833139951751e-05
1.825,3.25,17547,4.73243,1244,0.33375,0.00011,2.43285,1.25573,1.21703,3.055,2.96084,0.03057,0.02963,0.02434,0.07052402254233026,0.07089530973955661,9.282857966004033e+33,7.010692520205447e-09,0.00026970023365817516,1.0515056179775282e+38,7.941885332156557e-05,1764.8634071459014,5.596345152035456e-05
1.825,3.75,17461,2.65411,1436,0.21761,8e-05,1.90093,1.20923,1.15047,2.29865,2.18696,0.02292,0.02181,0.01896,0.08198981956286665,0.08224042151079548,1.0611999377024687e+34,8.014499944886855e-09,0.00015200217627856367,1.604797573640917e+38,0.00012120827595475202,2693.5172434389337,8.541087149413159e-05
1.825,4.25,17554,1.57519,1565,0.13296,6e-05,1.50611,1.16914,1.09409,1.76085,1.64781,0.0174,0.01628,0.01488,0.084408864962322,0.08915346929474764,1.3456111390793617e+34,1.0162458568683345e-08,8.973396376894155e-05,2.6404933814681107e+38,0.0001994330348540869,4431.845218979709,0.00014053288999808818
1.825,4.75,17634,0.96825,1612,0.08683,5e-05,1.20508,1.13406,1.04552,1.36663,1.25993,0.01348,0.01242,0.01188,0.08967725277562613,0.09141431325847794,1.63191205377932e+34,1.2324688873795935e-08,5.490813201769309e-05,4.061729816883565e+38,0.0003067771765017798,6817.270588928441,0.00021617423227195714
1.825,5.25,17314,0.61617,1686,0.05918,4e-05,0.99969,1.10298,1.0031,1.10264,1.00279,0.01093,0.00994,0.00991,0.09604492266744567,0.09737784451888645,1.8885210993937138e+34,1.426267728565602e-08,3.5587963497747484e-05,5.851301115241636e+38,0.000441941171846045,9820.91492991211,0.000311419169517761
1.825,5.75,17770,0.41869,1722,0.03839,3e-05,0.83203,1.07516,0.96562,0.89457,0.80343,0.00877,0.00787,0.00816,0.09169074971936278,0.09690489589195272,2.4383168627559643e+34,1.841489965075118e-08,2.3561620709060214e-05,9.257619171659285e+38,0.0006992159495210939,15538.132211579865,0.0004927109402454295
1.825,6.25,17574,0.28188,1621,0.02608,2e-05,0.70115,1.05004,0.93219,0.73623,0.6536,0.00722,0.00641,0.00687,0.09252164041436071,0.09223853419824742,2.9361156727079733e+34,2.217442544149213e-08,1.6039603960396042e-05,1.3476993865030672e+39,0.00101789983874854,22619.996416634225,0.0007172753810449716
1.825,6.75,17249,0.1938,1637,0.01806,2e-05,0.59994,1.0272,0.90213,0.61626,0.54122,0.0061,0.00536,0.00594,0.09318885448916409,0.0949040524088353,3.4825875474529503e+34,2.6301544803662488e-08,1.1235433938199316e-05,1.910188261351052e+39,0.0014427403786639362,32060.89730364303,0.0010166443843113594
1.825,7.25,17710,0.14481,1585,0.01295,2e-05,0.5271,1.00629,0.87489,0.53042,0.46116,0.00516,0.00449,0.00513,0.08942752572336164,0.08949745906267645,4.216371698744158e+34,3.184330261116349e-08,8.17673630717109e-06,2.735135135135135e+39,0.002065812035600555,45906.93412445678,0.0014556993316989085
1.825,7.75,17716,0.10527,1561,0.00897,1e-05,0.45765,0.98704,0.85007,0.45172,0.38903,0.00438,0.00378,0.00444,0.08520946138500998,0.0881124407315421,5.196044431584722e+34,3.9242084673247656e-08,5.94208624971777e-06,3.950055741360088e+39,0.002983425786525746,66298.35081168325,0.0021023069131051258
1.825,8.25,17346,0.07552,1372,0.00598,1e-05,0.39688,0.96924,0.82732,0.38467,0.32834,0.00375,0.0032,0.00387,0.0791843220338983,0.07909604519774012,6.566024146310354e+34,4.9588582027870654e-08,4.35374149659864e-06,5.801337792642139e+39,0.0043816750699714035,97370.55711047564,0.0030876001113164524
1.825,8.75,17339,0.05807,1352,0.00432,1e-05,0.3583,0.9527,0.80637,0.34135,0.28892,0.00333,0.00281,0.00349,0.0743929739969003,0.07797450833381395,7.875863266225065e+34,5.9480879587833725e-08,3.349097410461964e-06,8.027314814814816e+39,0.0060629265972921564,134731.70216204794,0.004272314249177065
1.825,9.25,17366,0.04388,1238,0.00301,1e-05,0.31484,0.93728,0.78699,0.29509,0.24778,0.00287,0.00241,0.00306,0.06859617137648132,0.07128872509501324,9.880425015894131e+34,7.461993063888023e-08,2.526776459748935e-06,1.1538870431893686e+40,0.008715158936475592,193670.1985883465,0.006141241710690846
1.825,9.75,17590,0.03446,1044,0.002,1e-05,0.28227,0.92284,0.76899,0.26049,0.21706,0.00251,0.00209,0.00272,0.058038305281485784,0.05935190449118818,1.3228914737609889e+35,9.990872847677583e-08,1.9590676520750424e-06,1.759e+40,0.01328549848942598,295233.2997650218,0.009361786522229255
1.825,10.25,17491,0.02674,893,0.00127,1e-05,0.25301,0.90929,0.75221,0.23006,0.19032,0.00222,0.00183,0.00244,0.0474943904263276,0.05105482819735864,1.83040233941026e+35,1.3823746993506985e-07,1.5287862329197873e-06,2.7544881889763778e+40,0.02080429145752551,462317.5879450113,0.014659994544172099
1.825,10.75,17466,0.02121,764,0.00084,1e-05,0.22953,0.89652,0.73653,0.20578,0.16906,0.00198,0.00162,0.0022,0.039603960396039604,0.04374212756212069,2.4540771697929823e+35,1.853392621246871e-07,1.2143593266918584e-06,4.158571428571428e+40,0.03140914976262407,697981.1058360905,0.022132835674660404
1.875,2.25,17151,18.92997,714,0.82732,0.00025,4.35418,1.37731,1.39677,5.99708,6.08179,0.06547,0.06639,0.04753,0.04370424253181595,0.04163022564281966,7.630738235524036e+33,5.762962189807443e-09,0.0011037239811089734,4.1461586810424016e+37,3.131539789306949e-05,695.8977309570998,2.2066772290623408e-05
1.875,2.75,17468,9.08362,1051,0.59622,0.00017,3.12052,1.31071,1.29729,4.09008,4.04822,0.04388,0.04343,0.03348,0.0656368276083764,0.06016716281199908,7.449902871182504e+33,5.626389903468396e-09,0.0005200148843599725,5.859582033477575e+37,4.425666188427171e-05,983.4813752060381,3.11859898276902e-05
1.875,3.25,17508,4.76306,1276,0.37753,0.00012,2.34965,1.25573,1.21703,2.95052,2.85959,0.03182,0.03084,0.02534,0.07926207102157015,0.07288096870002285,8.551967014375236e+33,6.458701770542433e-09,0.00027205049120402106,9.275024501364129e+37,7.005305514625474e-05,1556.734558805661,4.936372903366505e-05
1.875,3.75,17374,2.67219,1456,0.24254,8e-05,1.83491,1.20923,1.15047,2.21882,2.111,0.02374,0.02258,0.01963,0.09076450402104641,0.08380338436744561,9.930974917139246e+33,7.500169864163767e-09,0.00015380395994014044,1.4326708996454193e+38,0.00010820777187654223,2404.6171528120494,7.624990971626234e-05
1.875,4.25,17577,1.59897,1511,0.14662,6e-05,1.45204,1.16914,1.09409,1.69763,1.58865,0.01768,0.01654,0.01512,0.09169652964095637,0.08596461284633328,1.2847956416612913e+34,9.703161707282617e-09,9.09694487113842e-05,2.397626517528304e+38,0.00018108961612751538,4024.213691722564,0.00012760697906273984
1.875,4.75,17331,0.983,1613,0.09486,5e-05,1.18066,1.13406,1.04552,1.33894,1.2344,0.01425,0.01314,0.01256,0.09650050864699898,0.09307022099128728,1.5478870867294614e+34,1.1690107142432303e-08,5.671917373492586e-05,3.654016445287793e+38,0.00027598311520300544,6132.958115622343,0.00019447482609152533
1.875,5.25,17440,0.63527,1706,0.06532,4e-05,0.96821,1.10298,1.0031,1.06791,0.97121,0.01121,0.01019,0.01016,0.10282242196231524,0.0978211009174312,1.8214091459287593e+34,1.3755827701297177e-08,3.6426032110091746e-05,5.339865278628291e+38,0.00040331308750968963,8962.513055770882,0.00028419942465026895
1.875,5.75,17472,0.42399,1683,0.044,3e-05,0.80914,1.07516,0.96562,0.86996,0.78132,0.00913,0.0082,0.00849,0.10377603245359561,0.09632554945054946,2.2153056148872046e+34,1.6730651875894603e-08,2.4266826923076923e-05,7.94181818181818e+38,0.0005998352101071133,13329.671335713629,0.0004226811052674286
1.875,6.25,17711,0.29436,1695,0.02837,2e-05,0.68471,1.05004,0.93219,0.71898,0.63828,0.0075,0.00666,0.00715,0.09637858404674547,0.09570323527751115,2.8862413504314996e+34,2.1797759613560148e-08,1.6620179549432556e-05,1.248572435671484e+39,0.0009430305405373745,20956.23423416388,0.0006645178283283828
1.875,6.75,17418,0.20657,1669,0.02088,2e-05,0.59576,1.0272,0.90213,0.61197,0.53745,0.00638,0.0056,0.00621,0.10107953720288522,0.0958204156619589,3.2332301366787508e+34,2.4418322911251042e-08,1.1859570559191642e-05,1.668390804597701e+39,0.0012601139007535505,28002.531127856677,0.0008879544370832279
1.875,7.25,17526,0.15048,1639,0.01482,2e-05,0.51989,1.00629,0.87489,0.52315,0.45484,0.00538,0.00467,0.00534,0.09848484848484848,0.09351820152915669,3.8818106293973637e+34,2.9316597155784028e-08,8.586100650462171e-06,2.3651821862348175e+39,0.001786391379331433,39697.58620736518,0.001258802200893112
1.875,7.75,17575,0.11167,1605,0.00985,1e-05,0.45898,0.98704,0.85007,0.45303,0.39016,0.00467,0.00402,0.00473,0.08820632219933733,0.09132290184921764,5.004991209219457e+34,3.779919348402278e-08,6.353911806543386e-06,3.568527918781726e+39,0.0026952627785360463,59894.72841191214,0.0018992493788658085
1.875,8.25,17370,0.08114,1368,0.00628,1e-05,0.39882,0.96924,0.82732,0.38655,0.32995,0.00398,0.0034,0.00411,0.07739709144688194,0.07875647668393783,6.68497331036352e+34,5.048692176092077e-08,4.671272308578008e-06,5.531847133757961e+39,0.0041781322762522366,92847.38391671637,0.002944171230235806
1.875,8.75,17610,0.06376,1331,0.00482,1e-05,0.36235,0.9527,0.80637,0.34521,0.29218,0.00357,0.00302,0.00375,0.07559598494353827,0.07558205565019875,7.6638659179252365e+34,5.7879812083114836e-08,3.620670073821692e-06,7.307053941908715e+39,0.005518922916849482,122642.73148554403,0.003888975503727297
1.875,9.25,17353,0.04766,1139,0.00289,1e-05,0.31972,0.93728,0.78699,0.29966,0.25161,0.00311,0.00261,0.00332,0.06063785144775494,0.06563706563706563,1.100670725553551e+35,8.31259516315649e-08,2.7464991644096122e-06,1.2008996539792384e+40,0.009070239078393038,201560.86840873418,0.006391453209307908
1.875,9.75,17655,0.03766,1031,0.00204,1e-05,0.2868,0.92284,0.76899,0.26467,0.22054,0.00271,0.00226,0.00293,0.05416887944768986,0.0583970546587369,1.3950039153455614e+35,1.0535487616838314e-07,2.1331067686207874e-06,1.7308823529411762e+40,0.013073129553936375,290513.990087475,0.009212138194047278
1.875,10.25,17294,0.02892,889,0.00131,1e-05,0.25794,0.90929,0.75221,0.23454,0.19403,0.00243,0.00201,0.00267,0.04529737206085754,0.05140511159939864,1.8825220327332305e+35,1.4217370536464242e-07,1.6722562738522032e-06,2.64030534351145e+40,0.01994188325914992,443152.9613144427,0.014052288220270253
1.875,10.75,17436,0.02325,716,0.00083,1e-05,0.23462,0.89652,0.73653,0.21034,0.1728,0.00215,0.00176,0.0024,0.035698924731182795,0.041064464326680435,2.6635017773862398e+35,2.0115563608384862e-07,1.3334480385409498e-06,4.2014457831325304e+40,0.031732974192843884,705177.2042854197,0.022361022459583324
1.925,2.25,17580,19.25495,782,0.87159,0.00026,4.19745,1.37731,1.39677,5.7812,5.86287,0.06049,0.06134,0.04392,0.045265762829817785,0.04448236632536974,7.642618091677769e+33,5.7719342131846295e-09,0.0010952758816837316,4.034006815130967e+37,3.0468329419418176e-05,677.0739870981818,2.1469875288501452e-05
1.925,2.75,17297,9.05153,1168,0.64544,0.00017,3.03381,1.31071,1.29729,3.97643,3.93574,0.04114,0.04072,0.03139,0.07130728175236672,0.06752616060588541,7.053469173450615e+33,5.326991294804482e-09,0.0005233005723535874,5.35975458601884e+37,4.048153010588247e-05,899.5895579084994,2.8525797752045262e-05
1.925,3.25,17601,4.80383,1336,0.40371,0.00012,2.26732,1.25573,1.21703,2.84714,2.75939,0.02921,0.02831,0.02326,0.08403919372667228,0.07590477813760582,8.358710726439535e+33,6.31274883048073e-09,0.0002729293790125561,8.719625473731143e+37,6.585819844207811e-05,1463.5155209350692,4.640777273386191e-05
1.925,3.75,17507,2.72024,1515,0.2437,9e-05,1.77649,1.20923,1.15047,2.14817,2.04379,0.02216,0.02108,0.01833,0.0895876834396965,0.08653681384589021,1.0392332698429923e+34,7.848601086345384e-09,0.0001553801336608214,1.4367665162084527e+38,0.00010851710847495865,2411.4912994435253,7.646788747601234e-05
1.925,4.25,17269,1.6221,1610,0.16395,7e-05,1.4324,1.16914,1.09409,1.67467,1.56717,0.01727,0.01617,0.01478,0.10107268355835029,0.09323064450749899,1.1815904127191834e+34,8.923724890258919e-09,9.393132202212056e-05,2.106617871302226e+38,0.00015911011112554576,3535.7802472343506,0.00011211885614010498
1.925,4.75,17464,1.03074,1709,0.10429,5e-05,1.17058,1.13406,1.04552,1.32751,1.22386,0.01357,0.01251,0.01196,0.10117973494770746,0.09785845167201099,1.4890135745825593e+34,1.1245476735764362e-08,5.902084287677508e-05,3.3491226387956665e+38,0.0002529548820842648,5621.219601872551,0.00017824770427043857
1.925,5.25,17373,0.66193,1676,0.06713,4e-05,0.96262,1.10298,1.0031,1.06175,0.9656,0.01096,0.00997,0.00994,0.10141555753629537,0.09647153629194727,1.857390172910937e+34,1.4027567199689878e-08,3.8101076382893e-05,5.17592730522866e+38,0.0003909310653495966,8687.357007768815,0.0002754742836050487
1.925,5.75,17555,0.45657,1780,0.04611,3e-05,0.82253,1.07516,0.96562,0.88435,0.79425,0.00904,0.00812,0.00841,0.10099218082659833,0.10139561378524636,2.2393298284243554e+34,1.691208993598939e-08,2.6007974935915694e-05,7.614400346996312e+38,0.0005751057663894495,12780.128141987767,0.0004052552049082879
1.925,6.25,17583,0.31465,1760,0.03198,3e-05,0.69794,1.05004,0.93219,0.73286,0.65061,0.00742,0.00659,0.00707,0.10163673923406961,0.10009668429733265,2.6850863333124938e+34,2.027857664309715e-08,1.7895125973952113e-05,1.0996247654784238e+39,0.0008305323002102898,18456.273338006442,0.0005852445883436847
1.925,6.75,17672,0.22497,1714,0.0218,2e-05,0.60435,1.0272,0.90213,0.62079,0.5452,0.00625,0.00549,0.00608,0.09690180913010624,0.0969895880488909,3.3247071539948136e+34,2.5109184759420084e-08,1.2730307831598008e-05,1.621284403669725e+39,0.001224535048088916,27211.889957531468,0.0008628833700384154
1.925,7.25,17326,0.15625,1590,0.01428,2e-05,0.5152,1.00629,0.87489,0.51844,0.45074,0.00527,0.00458,0.00524,0.091392,0.09176959482858132,4.22107736698568e+34,3.187884122789577e-08,9.018238485513102e-06,2.4266106442577028e+39,0.0018327874956629174,40728.6110147315,0.001291495783064799
1.925,7.75,17412,0.11697,1543,0.01036,1e-05,0.45714,0.98704,0.85007,0.45122,0.3886,0.00456,0.00393,0.00462,0.08856971873129861,0.08861704571559843,5.004450396941865e+34,3.779510910763435e-08,6.717780840799449e-06,3.3613899613899616e+39,0.0025388141702341097,56418.092671869104,0.0017890059827457225
1.925,8.25,17502,0.08758,1473,0.00697,1e-05,0.4019,0.96924,0.82732,0.38954,0.3325,0.00391,0.00334,0.00404,0.07958437999543273,0.08416181007884813,6.451342491371754e+34,4.8722471802520604e-08,5.003999542909382e-06,5.0220946915351507e+39,0.0037931228788029834,84291.61952895518,0.0026728697212377974
1.925,8.75,17490,0.06667,1354,0.00497,1e-05,0.35837,0.9527,0.80637,0.34142,0.28898,0.00344,0.00291,0.00361,0.07454627268636568,0.07741566609491138,7.858055721123059e+34,5.9346391670742835e-08,3.811892510005717e-06,7.038229376257545e+39,0.0053158832146960305,118130.73810435623,0.003745901132177709
1.925,9.25,17494,0.05176,1167,0.00314,1e-05,0.3231,0.93728,0.78699,0.30283,0.25428,0.00305,0.00256,0.00326,0.0606646058732612,0.066708585800846,1.0886686545666558e+35,8.22195192633982e-08,2.958728706985252e-06,1.114267515923567e+40,0.008415917793984644,187020.39542188097,0.005930377835549244
1.925,9.75,17323,0.03919,1019,0.00199,1e-05,0.28504,0.92284,0.76899,0.26305,0.2192,0.00265,0.00221,0.00287,0.05077825976014289,0.058823529411764705,1.4973174177292085e+35,1.1308189847664137e-07,2.2623102234024133e-06,1.7410050251256276e+40,0.013149584781915614,292212.9951536803,0.009266013291276012
1.925,10.25,17382,0.03147,855,0.00129,1e-05,0.26142,0.90929,0.75221,0.23771,0.19665,0.0024,0.00199,0.00264,0.04099142040038131,0.04918881601656887,2.0525302963450675e+35,1.5501323890529923e-07,1.8104936140835346e-06,2.6948837209302327e+40,0.020354106653551605,452313.4811900357,0.014342766399988448
1.925,10.75,17675,0.02554,716,0.00092,1e-05,0.23771,0.89652,0.73653,0.21311,0.17508,0.00213,0.00175,0.00238,0.036021926389976505,0.040509193776520507,2.605308954550926e+35,1.9676073971383776e-07,1.444978783592645e-06,3.8423913043478264e+40,0.02902108235912255,644912.9413138345,0.02045005521669947
1.975,2.25,17301,19.37632,757,0.83441,0.00027,4.18655,1.37731,1.39677,5.76619,5.84764,0.0623,0.06318,0.04524,0.043063388713646344,0.04375469626033177,8.054393530710012e+33,6.082919364632589e-09,0.0011199537598982718,4.146882228161215e+37,3.1320862750462344e-05,696.0191722324965,2.207062316820448e-05
1.975,2.75,17137,9.26576,1139,0.64805,0.00018,3.041,1.31071,1.29729,3.98586,3.94507,0.04313,0.04269,0.03291,0.06994029631676192,0.06646437532823715,7.174315762194978e+33,5.4182582600974075e-09,0.0005406874015288557,5.288789445258853e+37,3.9945539616758705e-05,887.6786581501934,2.8148105598369908e-05
1.975,3.25,17453,4.97597,1421,0.407,0.00012,2.28769,1.25573,1.21703,2.87272,2.78419,0.03069,0.02975,0.02444,0.08179309762719629,0.0814186672778319,8.51177317383561e+33,6.428346177656981e-09,0.00028510685841975594,8.576412776412776e+37,6.477653154390314e-05,1439.4784787534031,4.564556312637631e-05
1.975,3.75,17355,2.77801,1562,0.25328,9e-05,1.76124,1.20923,1.15047,2.12974,2.02625,0.02261,0.02151,0.0187,0.0911731779223257,0.09000288101411696,1.0299978428407926e+34,7.778852373995864e-09,0.00016006972054163066,1.3704200884396714e+38,0.00010350604897580598,2300.1344216845773,7.29367840463146e-05
1.975,4.25,17301,1.6667,1590,0.15823,7e-05,1.40939,1.16914,1.09409,1.64777,1.54199,0.01766,0.01652,0.0151,0.09493610127797444,0.09190220218484481,1.278503765179589e+34,9.655643570573135e-09,9.633547193803827e-05,2.1868166592934333e+38,0.00016516742139678498,3670.3871421507774,0.00011638721277748534
1.975,4.75,17268,1.0512,1656,0.10283,5e-05,1.1552,1.13406,1.04552,1.31007,1.20778,0.01377,0.0127,0.01214,0.09782153729071538,0.09589993050729674,1.5606338067929153e+34,1.1786374192228043e-08,6.0875608061153575e-05,3.358552951473305e+38,0.0002536671413499475,5637.047585554389,0.00017874960634051208
1.975,5.25,17235,0.67755,1790,0.07,4e-05,0.94805,1.10298,1.0031,1.04568,0.95098,0.01102,0.01002,0.00999,0.10331340860453105,0.10385842761821874,1.8512902062362698e+34,1.3981498423353747e-08,3.93124456048738e-05,4.9242857142857136e+38,0.00037192490289167016,8264.997842037115,0.0002620813623172601
1.975,5.75,17231,0.46062,1765,0.04852,3e-05,0.80524,1.07516,0.96562,0.86576,0.77756,0.0092,0.00827,0.00856,0.10533628587555903,0.1024316638616447,2.193080017911058e+34,1.6562797507069387e-08,2.6732052695722823e-05,7.102638087386645e+38,0.000536453027748236,11921.178394405244,0.000378018087087939
1.975,6.25,17512,0.32247,1699,0.03257,3e-05,0.6827,1.05004,0.93219,0.71687,0.63641,0.00747,0.00663,0.00712,0.10100164356374237,0.09701918684330745,2.7622383371398873e+34,2.0861251696547745e-08,1.841423024211969e-05,1.0753454098863985e+39,0.0008121944183432012,18048.76485207114,0.0005723225790230575
1.975,6.75,17290,0.22493,1642,0.02103,2e-05,0.58605,1.0272,0.90213,0.60199,0.52869,0.00634,0.00557,0.00618,0.09349575423465079,0.0949681897050318,3.5534387110456764e+34,2.6836634023454997e-08,1.3009253903990745e-05,1.6443176414645742e+39,0.0012419317533720348,27598.483408267442,0.0008751421679435389
1.975,7.25,17312,0.16285,1600,0.01446,2e-05,0.50911,1.00629,0.87489,0.51231,0.44542,0.00532,0.00462,0.00528,0.08879336813018116,0.09242144177449169,4.396596729056223e+34,3.320441604906142e-08,9.406769870609982e-06,2.394467496542185e+39,0.0018085101937629793,40189.115416955094,0.0012743884898831525
1.975,7.75,17459,0.12041,1502,0.00994,2e-05,0.44393,0.98704,0.85007,0.43818,0.37737,0.00462,0.00398,0.00468,0.08255128311602025,0.08603012772781947,5.529089457554125e+34,4.175734051472037e-08,6.896729480497165e-06,3.5128772635814893e+39,0.0026532305616174387,58960.679147054194,0.001869630870974575
1.975,8.25,17375,0.09023,1465,0.00771,1e-05,0.39398,0.96924,0.82732,0.38186,0.32595,0.00397,0.00339,0.00409,0.08544829879197606,0.08431654676258993,6.129462702970097e+34,4.629153918110487e-08,5.193093525179856e-06,4.5071335927367056e+39,0.003404179450707481,75648.43223794403,0.002398796050163116
1.975,8.75,17493,0.07017,1301,0.005,1e-05,0.35569,0.9527,0.80637,0.33887,0.28682,0.00352,0.00298,0.00369,0.07125552230297849,0.07437260618533127,8.282822321244133e+34,6.255435632689474e-08,4.011318813239581e-06,6.9972e+39,0.00528489425981873,117442.09466263844,0.003724064391889854
1.975,9.25,17554,0.05339,1115,0.00307,1e-05,0.31291,0.93728,0.78699,0.29328,0.24626,0.00305,0.00256,0.00325,0.05750140475744521,0.0635182864304432,1.1859574112675508e+35,8.956705771977574e-08,3.0414720291671413e-06,1.1435830618892508e+40,0.008637334304299476,191940.76231776614,0.006086401646301564
1.975,9.75,17530,0.04143,1029,0.00214,1e-05,0.28016,0.92284,0.76899,0.25854,0.21544,0.00266,0.00221,0.00288,0.05165339126237026,0.05869937250427838,1.4976261378596851e+35,1.1310521394605279e-07,2.363377067883628e-06,1.6383177570093458e+40,0.01237400118587119,274977.8041304709,0.008719488969129595
1.975,10.25,17589,0.03323,903,0.0014,1e-05,0.25634,0.90929,0.75221,0.23309,0.19282,0.00239,0.00198,0.00263,0.042130604875112845,0.051338904997441585,2.036613693055411e+35,1.538111693267435e-07,1.8892489624196942e-06,2.512714285714286e+40,0.01897820457488131,421737.87944180693,0.013373220428773685
1.975,10.75,17591,0.02623,692,0.0009,1e-05,0.23027,0.89652,0.73653,0.20644,0.1696,0.00211,0.00173,0.00235,0.03431185665268776,0.039338297993292026,2.823526878942496e+35,2.13241211309002e-07,1.491103405150361e-06,3.909111111111111e+40,0.029525008392077876,656111.2976017306,0.020805152765148736
2.025,2.25,17613,18.72344,832,0.9012,0.00027,3.89063,1.37731,1.39677,5.35862,5.43432,0.05765,0.05846,0.04185,0.048132180838563854,0.047237835689547494,7.754280291537122e+33,5.856264852758191e-09,0.0010630466132969965,3.9087882822902796e+37,2.9522570107932623e-05,656.0571135096138,2.0803434598858885e-05
2.025,2.75,17212,8.84839,1126,0.61325,0.00018,2.8157,1.31071,1.29729,3.69055,3.65279,0.04035,0.03994,0.03079,0.06930639359250665,0.0654194747850337,7.819259050822299e+33,5.9053387590229575e-09,0.0005140826167789914,5.613371381981248e+37,4.239706481858948e-05,942.1569959686551,2.9875602358214585e-05
2.025,3.25,17404,4.77669,1481,0.44073,0.00013,2.13532,1.25573,1.21703,2.68138,2.59874,0.02906,0.02816,0.02314,0.09226682074825873,0.0850953803723282,8.083995696078924e+33,6.1052758070228256e-09,0.0002744593196966215,7.897805912917204e+37,5.965110206130818e-05,1325.5800458068484,4.2033867510364294e-05
2.025,3.75,17470,2.72785,1586,0.26459,9e-05,1.65979,1.20923,1.15047,2.00707,1.90954,0.02161,0.02056,0.01787,0.09699580255512583,0.0907842014882656,1.0273407982166238e+34,7.758785576743627e-09,0.0001561448196908987,1.320533655844892e+38,9.97381915290704e-05,2216.4042562015643,7.028171791608208e-05
2.025,4.25,17398,1.61938,1700,0.16974,7e-05,1.31147,1.16914,1.09409,1.5333,1.43487,0.01663,0.01557,0.01423,0.10481789326779385,0.09771238073341763,1.2444212924203992e+34,9.398242522622151e-09,9.307851477181286e-05,2.0499587604571692e+38,0.00015483072208891005,3440.68271308689,0.00010910333311412006
2.025,4.75,17538,1.03915,1760,0.1055,5e-05,1.07994,1.13406,1.04552,1.22472,1.1291,0.01317,0.01214,0.01161,0.10152528508877448,0.10035351807503706,1.6084922322123188e+34,1.2147815362981034e-08,5.925133994754248e-05,3.324739336492891e+38,0.0002511132429375295,5580.294287500656,0.00017694997106483561
2.025,5.25,17545,0.69142,1800,0.07251,4e-05,0.91061,1.10298,1.0031,1.00438,0.91343,0.01078,0.00981,0.00978,0.10487113476613347,0.10259333143345682,1.8987857868784892e+34,1.4340199281613843e-08,3.94083784554004e-05,4.83933250586126e+38,0.0003655084974215453,8122.411053812119,0.0002575599649230124
2.025,5.75,17451,0.45602,1731,0.04779,3e-05,0.75261,1.07516,0.96562,0.80917,0.72673,0.0087,0.00781,0.00809,0.10479803517389588,0.09919202337974901,2.3585065270732013e+34,1.781214807849257e-08,2.6131453784883386e-05,7.303201506591336e+38,0.0005516013222501008,12257.807161113351,0.00038869251525600426
2.025,6.25,17476,0.31814,1824,0.03395,3e-05,0.64404,1.05004,0.93219,0.67627,0.60037,0.00718,0.00638,0.00684,0.10671402527189289,0.10437170977340353,2.7713308204736396e+34,2.092992085547647e-08,1.8204394598306247e-05,1.0295139911634755e+39,0.0007775785431748303,17279.523181662895,0.0005479300856691684
2.025,6.75,17223,0.22176,1729,0.02198,2e-05,0.55248,1.0272,0.90213,0.56751,0.49841,0.00608,0.00534,0.00592,0.0991161616161616,0.10038901468965918,3.555592667802257e+34,2.6852901350368224e-08,1.2875805608778959e-05,1.5671519563239308e+39,0.0011836495138398268,26303.32252977393,0.0008340728859009998
2.025,7.25,17304,0.16035,1693,0.01574,2e-05,0.47691,1.00629,0.87489,0.47991,0.41724,0.0051,0.00444,0.00507,0.09816027439975056,0.09783865002311604,4.245554618365149e+34,3.206370076553998e-08,9.266643550624133e-06,2.198729351969504e+39,0.0016606717159890513,36903.81591086781,0.00117021232594076
2.025,7.75,17403,0.1209,1560,0.01065,2e-05,0.42458,0.98704,0.85007,0.41908,0.36092,0.00444,0.00382,0.00449,0.0880893300248139,0.08963971729012239,5.417635141765934e+34,4.091560412178788e-08,6.947078089984485e-06,3.268169014084507e+39,0.002468405599761712,54853.45777248249,0.0017393917355556345
2.025,8.25,17468,0.08998,1466,0.00705,1e-05,0.3705,0.96924,0.82732,0.3591,0.30652,0.00381,0.00325,0.00393,0.07835074460991331,0.08392489122967713,7.108393521234134e+34,5.368471808197367e-08,5.151133501259446e-06,4.955460992907801e+39,0.0037427953118638977,83173.22915253106,0.0026374057950447442
2.025,8.75,17615,0.06879,1328,0.00472,1e-05,0.32785,0.9527,0.80637,0.31234,0.26436,0.00333,0.00282,0.0035,0.06861462421863643,0.07539029236446211,9.332235731813332e+34,7.047984088674066e-08,3.905194436559751e-06,7.463983050847456e+39,0.005637449434174815,125276.65409277368,0.0039724966417038834
2.025,9.25,17345,0.05257,1047,0.00291,1e-05,0.2948,0.93728,0.78699,0.27631,0.23201,0.00293,0.00246,0.00313,0.05535476507513791,0.06036321706543672,1.307610444516661e+35,9.875465935478142e-08,3.0308446238108964e-06,1.1920962199312716e+40,0.009003747884677277,200083.2863261617,0.0063445993888305964
2.025,9.75,17476,0.04105,1056,0.00211,1e-05,0.26294,0.92284,0.76899,0.24265,0.20219,0.00261,0.00218,0.00283,0.05140073081607795,0.06042572671091783,1.6035422463068236e+35,1.2110431586034465e-07,2.3489356832227057e-06,1.6564928909952604e+40,0.012511275611746678,278028.34692770394,0.008816221046667426
2.025,10.25,17570,0.03238,833,0.00137,1e-05,0.23586,0.90929,0.75221,0.21447,0.17742,0.00225,0.00186,0.00248,0.042310067943174795,0.047410358565737054,2.2040412641721793e+35,1.6645580123647602e-07,1.8429140580535002e-06,2.564963503649635e+40,0.01937283613028425,430507.46956187225,0.013651302307263833
2.025,10.75,17585,0.02613,677,0.00084,1e-05,0.21615,0.89652,0.73653,0.19379,0.1592,0.00204,0.00168,0.00228,0.03214695752009185,0.0384987205004265,3.210397116171408e+35,2.4245881097888436e-07,1.4859255046914984e-06,4.1869047619047616e+40,0.031623147748525385,702736.6166338974,0.022283631932835408
2.075,2.25,17546,18.32685,877,0.91855,0.00028,3.75546,1.37731,1.39677,5.17244,5.24551,0.05744,0.05825,0.0417,0.05012045168700568,0.04998290208594552,7.714709156656085e+33,5.826379545847054e-09,0.001044503020631483,3.820369059931413e+37,2.8854751207941184e-05,641.2166935098041,2.0332847967713222e-05
2.075,2.75,17290,8.78801,1266,0.65087,0.00019,2.72047,1.31071,1.29729,3.56573,3.52924,0.0401,0.03969,0.0306,0.07406341139802981,0.07322151532677848,7.573172142857657e+33,5.719486551512466e-09,0.0005082712550607287,5.312888902545823e+37,4.012755968690198e-05,891.7235485978217,2.8276368233061317e-05
2.075,3.25,17666,4.86091,1494,0.43119,0.00013,2.083,1.25573,1.21703,2.61568,2.53507,0.02877,0.02788,0.02291,0.08870561273506403,0.08456922902751048,8.61974233364329e+33,6.509887722712249e-09,0.0002751562323106532,8.194067580416984e+37,6.188872794876876e-05,1375.3050655281945,4.361063754211677e-05
2.075,3.75,17657,2.70565,1587,0.24904,0.0001,1.5792,1.20923,1.15047,1.90961,1.81682,0.02098,0.01996,0.01735,0.09204442555393344,0.08987936795605142,1.137857361964173e+34,8.593439785244111e-09,0.0001532338449340205,1.4180051397365884e+38,0.00010710008608282388,2380.0019129516418,7.546936558065835e-05
2.075,4.25,17637,1.66727,1734,0.17071,7e-05,1.28737,1.16914,1.09409,1.50511,1.40849,0.01644,0.01539,0.01407,0.10238893520545563,0.09831604014288144,1.2978028629231317e+34,9.801396140194332e-09,9.453251686794807e-05,2.066311288149493e+38,0.0001560658072620463,3468.129050267695,0.00010997365075683965
2.075,4.75,17533,1.04907,1791,0.10408,6e-05,1.0512,1.13406,1.04552,1.19212,1.09905,0.01325,0.01221,0.01168,0.09921168272851193,0.10215023099298466,1.6910140101913916e+34,1.277104456001353e-08,5.983402726287572e-05,3.3691391237509608e+38,0.0002544667011896496,5654.815581992213,0.00017931302581152374
2.075,5.25,17430,0.67994,1824,0.07318,5e-05,0.86678,1.10298,1.0031,0.95604,0.86946,0.01065,0.00969,0.00966,0.1076271435714916,0.10464716006884682,1.9437129054681342e+34,1.4679502344748388e-08,3.900975329890992e-05,4.763596611095928e+38,0.0003597882636779401,7995.294748398669,0.0002535291333206072
2.075,5.75,17546,0.46717,1862,0.04928,4e-05,0.73578,1.07516,0.96562,0.79108,0.71049,0.00874,0.00785,0.00812,0.10548622557099128,0.10612105323150575,2.3967008935343367e+34,1.8100603379913425e-08,2.6625441696113072e-05,7.120941558441559e+38,0.0005378354651390905,11951.899225313122,0.0003789922382455962
2.075,6.25,17560,0.31748,1748,0.03115,3e-05,0.61251,1.05004,0.93219,0.64316,0.57098,0.0071,0.0063,0.00676,0.09811641678215952,0.09954441913439635,3.169343341568821e+34,2.3935830689289484e-08,1.8079726651480636e-05,1.1274478330658106e+39,0.0008515467017113372,18923.260038029715,0.0006000526394606074
2.075,6.75,17679,0.22761,1711,0.02163,2e-05,0.52806,1.0272,0.90213,0.54242,0.47638,0.00588,0.00516,0.00572,0.09503097403453276,0.09678149216584649,3.879976727299208e+34,2.9302746977563685e-08,1.2874596979467165e-05,1.634674063800277e+39,0.0012346480844412967,27436.624098695484,0.0008700096429063763
2.075,7.25,17653,0.16542,1623,0.01408,2e-05,0.4602,1.00629,0.87489,0.4631,0.40263,0.00498,0.00433,0.00495,0.0851166727118849,0.09193904718744689,5.073884493826191e+34,3.83194962149852e-08,9.370645216110576e-06,2.5075284090909086e+39,0.0018939036322438885,42086.74738319752,0.001334562004794442
2.075,7.75,17687,0.12092,1567,0.01013,2e-05,0.39807,0.98704,0.85007,0.39291,0.33839,0.00428,0.00368,0.00433,0.08377439629507112,0.08859614406060949,6.076109705939556e+34,4.5888601358957446e-08,6.836659693560242e-06,3.4920039486673246e+39,0.00263746521802668,58610.338178370665,0.0018585216317342295
2.075,8.25,17780,0.09093,1399,0.00667,1e-05,0.34994,0.96924,0.82732,0.33918,0.28951,0.00368,0.00314,0.0038,0.07335312878038051,0.07868391451068617,8.038612924211873e+34,6.071001377699473e-08,5.114173228346457e-06,5.3313343328335826e+39,0.004026687562563128,89481.94583473618,0.0028374538887219742
2.075,8.75,17436,0.06826,1277,0.00457,1e-05,0.31223,0.9527,0.80637,0.29746,0.25177,0.00325,0.00275,0.00342,0.06694989745092295,0.07323927506308786,1.00427235054019e+35,7.584565746848348e-08,3.914888735948612e-06,7.630634573304156e+39,0.005763319164127006,128073.75920282234,0.004061192262900252
2.075,9.25,17648,0.05329,1120,0.003,1e-05,0.27867,0.93728,0.78699,0.26119,0.21931,0.00287,0.00241,0.00306,0.056295740288984805,0.06346328195829556,1.3601847952320788e+35,1.027252318731273e-07,3.019605621033545e-06,1.1765333333333331e+40,0.008886203423967771,197471.1871992838,0.0062617702688763256
2.075,9.75,17354,0.04083,1025,0.00202,1e-05,0.24955,0.92284,0.76899,0.23029,0.1919,0.00254,0.00212,0.00275,0.04947342640215528,0.05906419269332719,1.7554276162342015e+35,1.3257515416012397e-07,2.352771695286389e-06,1.718217821782178e+40,0.01297747599533367,288388.35545185936,0.009144734761918422
2.075,10.25,17285,0.032,849,0.00126,1e-05,0.22422,0.90929,0.75221,0.20388,0.16866,0.00222,0.00184,0.00245,0.039375,0.04911773213769164,2.4913503430277998e+35,1.8815424386585602e-07,1.8513161700896732e-06,2.7436507936507936e+40,0.020722438018510522,460498.6226335672,0.014602315532520522
2.075,10.75,17624,0.02603,613,0.00077,1e-05,0.20309,0.89652,0.73653,0.18207,0.14958,0.00198,0.00162,0.00221,0.02958125240107568,0.034782115297321836,3.713428330333916e+35,2.804492357324912e-07,1.4769632319564232e-06,4.577662337662337e+40,0.0345744889551536,768321.9767811912,0.024363330060286376
2.125,2.25,17634,18.12296,966,0.90341,0.00028,3.64134,1.37731,1.39677,5.01527,5.08612,0.05884,0.05967,0.04272,0.049848920926824324,0.054780537597822386,7.999814479288765e+33,6.041699629400169e-09,0.001027728252239991,3.903875316855026e+37,2.9485463118240375e-05,655.232513738675,2.0777286711652556e-05
2.125,2.75,17716,9.00733,1359,0.62528,0.00019,2.66784,1.31071,1.29729,3.49675,3.46097,0.0411,0.04067,0.03135,0.06941901762231427,0.0767103183562881,8.239236111847973e+33,6.2225180211826685e-09,0.0005084291036351321,5.666581371545548e+37,4.279895295729265e-05,951.0878434953922,3.0158797675526135e-05
2.125,3.25,17765,4.77154,1587,0.41208,0.00014,1.9849,1.25573,1.21703,2.4925,2.41568,0.0286,0.02772,0.02278,0.08636205501787683,0.08933295806360822,9.291201112559187e+33,7.016993514507353e-09,0.00026859217562623134,8.622112211221123e+37,6.512169343822599e-05,1447.1487430716886,4.588878561236963e-05
2.125,3.75,17377,2.72518,1651,0.24992,0.0001,1.57211,1.20923,1.15047,1.90104,1.80866,0.02248,0.02138,0.01859,0.09170770371131448,0.09501064625654601,1.1471835781457557e+34,8.6638741646836e-09,0.00015682684007596248,1.3906049935979513e+38,0.00010503058864032863,2334.013080896192,7.401106928260376e-05
2.125,4.25,17477,1.64484,1772,0.158,8e-05,1.24284,1.16914,1.09409,1.45306,1.35978,0.0169,0.01582,0.01446,0.09605797524379271,0.10139039880986439,1.432890554668829e+34,1.0821618870695784e-08,9.411455055215427e-05,2.2122784810126578e+38,0.00016709051971394696,3713.1226603099326,0.00011774234716863054
2.125,4.75,17164,1.03512,1714,0.09038,6e-05,1.02464,1.13406,1.04552,1.162,1.07128,0.01378,0.01271,0.01215,0.08731354818764973,0.09986017245397344,1.9712523790353143e+34,1.4887488702026389e-08,6.030762060125845e-05,3.7981854392564725e+38,0.00028687201202843443,6374.933600631876,0.00020214781838634818
2.125,5.25,17343,0.67919,1845,0.06958,5e-05,0.83949,1.10298,1.0031,0.92594,0.84209,0.01072,0.00975,0.00972,0.10244556015253464,0.10638297872340426,2.108404859403366e+34,1.592330533496991e-08,3.916219800495877e-05,4.985053176200057e+38,0.0003765145903474363,8366.990896609695,0.0002653155408615454
2.125,5.75,17529,0.46771,1837,0.04846,4e-05,0.70981,1.07516,0.96562,0.76316,0.68541,0.00892,0.00801,0.00829,0.10361121207585898,0.10479776370585886,2.529342503767758e+34,1.9102352569804077e-08,2.6682069713046953e-05,7.234420140321914e+38,0.0005464063550092079,12142.363444649065,0.00038503181902108905
2.125,6.25,17673,0.32235,1757,0.03031,3e-05,0.59368,1.05004,0.93219,0.62338,0.55342,0.00709,0.00629,0.00675,0.09402823018458197,0.09941719006393934,3.412077360870415e+34,2.5769030744433312e-08,1.8239687659141065e-05,1.1661497855493236e+39,0.0008807777836475252,19572.839636611672,0.0006206506734085386
2.125,6.75,17580,0.23198,1685,0.02129,3e-05,0.51905,1.0272,0.90213,0.53316,0.46825,0.00621,0.00546,0.00605,0.09177515303043367,0.09584755403868032,4.087401679383282e+34,3.0869282375827216e-08,1.3195676905574515e-05,1.6514795678722404e+39,0.0012473410633476135,27718.690296613633,0.0008789539033680123
2.125,7.25,17409,0.16759,1569,0.01373,2e-05,0.45263,1.00629,0.87489,0.45547,0.396,0.00538,0.00467,0.00534,0.0819261292439883,0.09012579700155092,5.359790102445101e+34,4.0478741050110266e-08,9.626629904072606e-06,2.5359067734887107e+39,0.001915337442212017,42563.054271378154,0.001349665597139084
2.125,7.75,17373,0.12286,1535,0.00978,2e-05,0.39361,0.98704,0.85007,0.38851,0.33459,0.00452,0.00389,0.00458,0.07960279993488524,0.08835549415760087,6.466949210130528e+34,4.884033841953423e-08,7.071893167558856e-06,3.552760736196319e+39,0.002683354030359757,59630.08956355016,0.001890857736033427
2.125,8.25,17435,0.09177,1402,0.00656,2e-05,0.34373,0.96924,0.82732,0.33316,0.28437,0.0039,0.00333,0.00403,0.07148305546474883,0.08041296243188988,8.397964502516917e+34,6.342394458512889e-08,5.263550329796387e-06,5.3155487804878047e+39,0.004014764939945471,89216.99866545491,0.002829052469097378
2.125,8.75,17537,0.06922,1303,0.0046,1e-05,0.30002,0.9527,0.80637,0.28583,0.24193,0.00329,0.00279,0.00346,0.06645478185495521,0.07430005132006615,1.0529213929228229e+35,7.951977893835984e-08,3.947083309574044e-06,7.624782608695651e+39,0.0057588992512807025,127975.53891734894,0.0040580777180793046
2.125,9.25,17285,0.05328,1104,0.00287,1e-05,0.27075,0.93728,0.78699,0.25377,0.21308,0.003,0.00252,0.0032,0.05386636636636637,0.06387040786809373,1.4630933467560064e+35,1.1049719407567451e-07,3.082441423199306e-06,1.2045296167247385e+40,0.009097655715443643,202170.12700985873,0.0064107726728138865
2.125,9.75,17581,0.04242,985,0.00187,1e-05,0.24327,0.92284,0.76899,0.2245,0.18707,0.00257,0.00214,0.00279,0.04408297972654408,0.05602639212786531,2.020890153996403e+35,1.5262368053745205e-07,2.4128320345827883e-06,1.8803208556149732e+40,0.01420181915117049,315595.981137122,0.010007482912770232
2.125,10.25,17519,0.03342,810,0.00125,1e-05,0.21936,0.90929,0.75221,0.19946,0.16501,0.00232,0.00192,0.00256,0.037402752842609216,0.04623551572578344,2.6808382633109393e+35,2.0246493945403965e-07,1.907643130315657e-06,2.80304e+40,0.021170996978851962,470466.5995300436,0.01491839800640676
2.125,10.75,17429,0.02672,481,0.00064,1e-05,0.19988,0.89652,0.73653,0.1792,0.14722,0.00212,0.00174,0.00236,0.023952095808383235,0.02759768202421252,4.659598214285714e+35,3.519068208055066e-07,1.5330770554822422e-06,5.4465625e+40,0.04113717900302114,914159.5334004698,0.028987808644104194
2.175,2.25,17419,17.76567,943,0.85282,0.00029,3.57109,1.37731,1.39677,4.91852,4.98799,0.05849,0.05931,0.04247,0.048003818600705746,0.054136287961421434,8.470709110218407e+33,6.3973333662249125e-09,0.0010199018313336013,4.085035529185525e+37,3.0853742667564386e-05,685.6387259458753,2.1741461375757082e-05
2.175,2.75,17345,8.69092,1372,0.65273,0.00019,2.58508,1.31071,1.29729,3.38828,3.35361,0.04021,0.0398,0.03068,0.07510482204415643,0.07910060536177572,7.859282179593692e+33,5.93556542526523e-09,0.0005010619775151341,5.3146017495748625e+37,4.014049659799744e-05,892.0110355110543,2.8285484383277975e-05
2.175,3.25,17578,4.64605,1643,0.42759,0.00014,1.91247,1.25573,1.21703,2.40154,2.32753,0.02756,0.02671,0.02194,0.09203301729426072,0.09346910911366481,9.048915036022057e+33,6.83401180879243e-09,0.0002643105017635681,8.221894805771883e+37,6.209890336685712e-05,1379.9756303746028,4.375874018184306e-05
2.175,3.75,17478,2.73661,1727,0.24624,0.0001,1.53135,1.20923,1.15047,1.85175,1.76177,0.02138,0.02034,0.01768,0.0899799386832614,0.09880993248655452,1.2003335622055706e+34,9.065278772038142e-09,0.00015657455086394326,1.4195906432748536e+38,0.00010721983710535147,2382.6630467855884,7.555374958097376e-05
2.175,4.25,17546,1.6661,1779,0.16772,8e-05,1.21967,1.16914,1.09409,1.42596,1.33442,0.01663,0.01556,0.01422,0.10066622651701579,0.10139063034309814,1.3932814761343668e+34,1.052247923974297e-08,9.495611535392681e-05,2.092296684951109e+38,0.00015802845052500822,3511.7433450001827,0.00011135665097032542
2.175,4.75,17459,1.0479,1819,0.10049,6e-05,0.9892,1.13406,1.04552,1.12182,1.03423,0.01285,0.01185,0.01133,0.09589655501479148,0.10418695228821812,1.8591045397581801e+34,1.4040514611873574e-08,6.002061973767112e-05,3.47477360931436e+38,0.0002624451366551631,5832.114147892513,0.00018493512645524203
2.175,5.25,17567,0.68811,1747,0.06714,5e-05,0.81255,1.10298,1.0031,0.89622,0.81506,0.01027,0.00934,0.00931,0.09757160919039108,0.09944782831445323,2.2871355094036194e+34,1.7273132764924244e-08,3.917060397335914e-05,5.232946082812034e+38,0.0003952376195477367,8783.058212171927,0.0002785089488892671
2.175,5.75,17605,0.47615,1823,0.04405,4e-05,0.69474,1.07516,0.96562,0.74696,0.67086,0.0087,0.00781,0.00809,0.09251286359340544,0.10355012780460096,2.8942132389938752e+34,2.1857965704960917e-08,2.7046293666571998e-05,7.993189557321225e+38,0.0006037152233626303,13415.893852502895,0.0004254152033391329
2.175,6.25,17565,0.32287,1833,0.03101,3e-05,0.57655,1.05004,0.93219,0.6054,0.53746,0.00691,0.00614,0.00658,0.09604484777154892,0.10435525192143467,3.439644084674029e+34,2.597722290366308e-08,1.8381440364360945e-05,1.1328603676233471e+39,0.0008556347187487515,19014.104861083368,0.0006029333099024407
2.175,6.75,17468,0.23125,1709,0.02134,3e-05,0.50089,1.0272,0.90213,0.51451,0.45187,0.00591,0.00519,0.00575,0.09228108108108109,0.09783604305014884,4.212340812452979e+34,3.181286014993565e-08,1.3238493244790475e-05,1.6371134020618552e+39,0.0012364904849409782,27477.56633202174,0.0008713079126085026
2.175,7.25,17339,0.16321,1593,0.01308,2e-05,0.42499,1.00629,0.87489,0.42766,0.37182,0.00495,0.0043,0.00492,0.08014214815268672,0.09187381048503374,5.835396691847434e+34,4.40706645408008e-08,9.41288424938001e-06,2.6512232415902138e+39,0.0020024344725001614,44498.54383333692,0.001411039568535544
2.175,7.75,17296,0.12163,1538,0.00931,2e-05,0.37524,0.98704,0.85007,0.37038,0.31898,0.00421,0.00363,0.00427,0.0765436158842391,0.0889222941720629,7.054617868872036e+34,5.327858824010298e-08,7.032261794634598e-06,3.715574650912996e+39,0.002806325265040027,62362.783667556156,0.0019775108976267173
2.175,8.25,17385,0.0921,1375,0.00613,2e-05,0.33117,0.96924,0.82732,0.32099,0.27399,0.00375,0.0032,0.00387,0.06655808903365906,0.07909117054932413,9.361332016919311e+34,7.069958475129756e-08,5.297670405522002e-06,5.6721044045677e+39,0.004284066770821525,95201.48379603389,0.0030188192477179697
2.175,8.75,17446,0.07053,1256,0.00424,1e-05,0.29374,0.9527,0.80637,0.27985,0.23687,0.00326,0.00276,0.00342,0.060116262583297886,0.0719935801903015,1.1888107173317241e+35,8.978254794439422e-08,4.042760518170354e-06,8.229245283018868e+39,0.006215442056660776,138120.93459246168,0.004379786104530114
2.175,9.25,17378,0.05345,1087,0.00286,1e-05,0.25788,0.93728,0.78699,0.24171,0.20295,0.00277,0.00233,0.00296,0.05350795135640786,0.06255035101852917,1.5463829538547173e+35,1.1678747480210838e-07,3.0757279318678787e-06,1.2152447552447554e+40,0.009178585764688484,203968.57254863298,0.006467801006742547
2.175,9.75,17649,0.04282,936,0.00184,1e-05,0.23314,0.92284,0.76899,0.21515,0.17928,0.00248,0.00207,0.00269,0.042970574497898185,0.053034166241713414,2.163303660742252e+35,1.6337917534493254e-07,2.4261997846903507e-06,1.918369565217391e+40,0.014489196111913826,321982.13582030725,0.010209986549350179
2.175,10.25,17460,0.03342,765,0.00112,1e-05,0.20953,0.90929,0.75221,0.19052,0.15761,0.00225,0.00186,0.00248,0.033512866546977854,0.04381443298969072,3.1324045469542008e+35,2.365685784271732e-07,1.9140893470790375e-06,3.1178571428571437e+40,0.023548769961156672,523305.99913681496,0.016593924376484492
2.175,10.75,17413,0.02681,298,0.00037,1e-05,0.19087,0.89652,0.73653,0.17112,0.14058,0.00199,0.00164,0.00222,0.013800820589332338,0.017113650720725893,8.468847529156086e+35,6.39592744441967e-07,1.5396542812840982e-06,9.412432432432432e+40,0.07109087939903648,1579797.3199785885,0.05009504439302982
2.225,2.25,17461,17.24514,1001,0.90444,0.00029,3.42629,1.37731,1.39677,4.71908,4.78574,0.0586,0.05943,0.04255,0.05244608046092986,0.057327759005784316,8.080897888754363e+33,6.102936250097698e-09,0.0009876375923486627,3.861173764981646e+37,2.9162943844272246e-05,648.0654187616054,2.0550019620801797e-05
2.225,2.75,17396,8.55126,1364,0.61775,0.0002,2.50029,1.31071,1.29729,3.27714,3.2436,0.04001,0.0396,0.03053,0.07224081597331856,0.07840882961600368,8.447969903340344e+33,6.380160035752846e-09,0.0004915647275235686,5.6320518008903275e+37,4.253815559584839e-05,945.2923465744087,2.99750236737192e-05
2.225,3.25,17405,4.69006,1545,0.39144,0.00014,1.91433,1.25573,1.21703,2.40388,2.3298,0.03095,0.02999,0.02465,0.08346161882790412,0.08876759551852915,9.968513638831746e+33,7.528520231728529e-09,0.0002694662453318012,8.89280604945841e+37,6.716620883276744e-05,1492.5824185059432,4.732947800944772e-05
2.225,3.75,17393,2.66023,1732,0.24715,0.0001,1.46355,1.20923,1.15047,1.76977,1.68377,0.02202,0.02095,0.01821,0.09290550065219925,0.09958029092163515,1.2163869122821295e+34,9.186518482608031e-09,0.00015294831253952738,1.4074853327938499e+38,0.0001063055387306533,2362.345305125629,7.490947821935657e-05
2.225,4.25,17732,1.65993,1788,0.15795,8e-05,1.17283,1.16914,1.09409,1.37121,1.28318,0.01613,0.01509,0.01379,0.09515461495364264,0.100834649221746,1.5328376799875204e+34,1.157644951278242e-08,9.361211369275885e-05,2.245267489711934e+38,0.00016958213668519137,3768.491926337586,0.00011949809507666114
2.225,4.75,17651,1.0457,1841,0.1036,6e-05,0.94981,1.13406,1.04552,1.07714,0.99305,0.01321,0.01218,0.01165,0.09907239169934015,0.10430003965780976,1.874153655723368e+34,1.4154170045490278e-08,5.924310237380319e-05,3.407528957528957e+38,0.0002573662354629121,5719.249676953603,0.00018135621755941154
2.225,5.25,17311,0.69281,1802,0.06575,5e-05,0.80565,1.10298,1.0031,0.88861,0.80814,0.01113,0.01012,0.01009,0.09490336455882566,0.10409566171798279,2.3715767818350727e+34,1.79108585592861e-08,4.0021373693027554e-05,5.265703422053232e+38,0.0003977117388257727,8838.038640572728,0.00028025236683703475
2.225,5.75,17521,0.46903,1920,0.04856,4e-05,0.66585,1.07516,0.96562,0.71589,0.64295,0.00889,0.00798,0.00827,0.1035328230603586,0.10958278637064095,2.6983957458237433e+34,2.037909331488364e-08,2.6769590776782147e-05,7.216227347611203e+38,0.0005450322770099096,12111.82837799799,0.00038406355840937313
2.225,6.25,17426,0.32233,1845,0.03145,3e-05,0.56068,1.05004,0.93219,0.58874,0.52266,0.0072,0.0064,0.00686,0.09757081252132907,0.10587627682772868,3.481661383181878e+34,2.6294550133538837e-08,1.8497073338689315e-05,1.1081717011128775e+39,0.0008369876896622942,18599.72643693987,0.0005897934562702901
2.225,6.75,17205,0.2242,1629,0.01925,3e-05,0.47558,1.0272,0.90213,0.48852,0.42904,0.00601,0.00528,0.00585,0.0858608385370205,0.0946817785527463,4.76817868122216e+34,3.60107143057334e-08,1.3031095611740773e-05,1.7875324675324678e+39,0.0013501000510063954,30002.223355697675,0.0009513642616596168
2.225,7.25,17536,0.16801,1560,0.01269,2e-05,0.41653,1.00629,0.87489,0.41915,0.36442,0.00527,0.00459,0.00524,0.07553121837985835,0.08895985401459854,6.3173368520309245e+34,4.771042105604504e-08,9.580862226277372e-06,2.7637509850275803e+39,0.0020874252152776286,46387.22700616952,0.0014709293190693024
2.225,7.75,17552,0.12276,1528,0.00967,2e-05,0.35879,0.98704,0.85007,0.35414,0.30499,0.00433,0.00373,0.00439,0.07877158683610297,0.0870556061987238,7.169443034844625e+34,5.414578230378841e-08,6.994074749316317e-06,3.6301964839710446e+39,0.002741840244691121,60929.78321535824,0.0019320707513748809
2.225,8.25,17520,0.09284,1351,0.00622,2e-05,0.31798,0.96924,0.82732,0.3082,0.26307,0.00373,0.00318,0.00385,0.06699698405859543,0.07711187214611873,9.685947447162343e+34,7.315117775970352e-08,5.2990867579908675e-06,5.633440514469454e+39,0.004254864436910463,94552.54304245474,0.002998241471412187
2.225,8.75,17428,0.06945,1262,0.00415,1e-05,0.27755,0.9527,0.80637,0.26442,0.22381,0.00328,0.00277,0.00344,0.059755219582433405,0.0724122102364012,1.2657847181783636e+35,9.559585516036277e-08,3.984966720220335e-06,8.399036144578314e+39,0.006343682888654315,140970.73085898478,0.004470152551337671
2.225,9.25,17538,0.05528,1052,0.00265,1e-05,0.25297,0.93728,0.78699,0.23711,0.19909,0.00301,0.00252,0.00321,0.04793777134587554,0.05998403466757897,1.75955272729877e+35,1.328866949096571e-07,3.152012772265937e-06,1.3236226415094338e+40,0.009997149860343155,222158.88578540343,0.007044612055600058
2.225,9.75,17620,0.04352,935,0.00185,1e-05,0.22688,0.92284,0.76899,0.20938,0.17447,0.00258,0.00215,0.0028,0.04250919117647059,0.05306469920544835,2.2470459761509524e+35,1.697036459595916e-07,2.4699205448354145e-06,1.9048648648648646e+40,0.014387196864538251,319715.4858786278,0.010138111551199511
2.225,10.25,17447,0.03261,736,0.00124,1e-05,0.19531,0.90929,0.75221,0.17759,0.14691,0.00212,0.00175,0.00233,0.03802514566084023,0.04218490284862727,2.96169684067506e+35,2.2367622088022502e-07,1.8690892417034446e-06,2.814032258064516e+40,0.02125402007601598,472311.55724479957,0.014976901231760514
2.225,10.75,17665,0.0274,192,0.00023,1e-05,0.18336,0.89652,0.73653,0.16439,0.13505,0.0021,0.00172,0.00234,0.008394160583941606,0.01086894990093405,1.4493635231170835e+36,1.0946027664957959e-06,1.5510897254457968e-06,1.536086956521739e+41,0.11601865230526728,2578192.273450384,0.08175394068526078
2.275,2.25,17637,17.50504,969,0.85487,0.00029,3.41964,1.37731,1.39677,4.70991,4.77644,0.063,0.06389,0.04574,0.04883564961862412,0.054941316550433744,8.695216865072501e+33,6.566888350632505e-09,0.0009925180019277656,4.12624141682361e+37,3.116496538386412e-05,692.5547863080915,2.1960768211190116e-05
2.275,2.75,17311,8.48623,1422,0.6018,0.0002,2.46437,1.31071,1.29729,3.23007,3.19701,0.04383,0.04339,0.03344,0.0709148821090166,0.08214430131130496,8.731335500084228e+33,6.5941662261794634e-09,0.0004902218242735833,5.753074111000333e+37,4.345222138217774e-05,965.6049196039497,3.0619131139140975e-05
2.275,3.25,17355,4.63273,1624,0.39134,0.00014,1.86667,1.25573,1.21703,2.34404,2.2718,0.03157,0.0306,0.02514,0.08447287020827893,0.09357533851915874,1.010061287742058e+34,7.628285535398067e-09,0.0002669392106021319,8.869525221035417e+37,6.699037176008622e-05,1488.6749280019162,4.720557229838648e-05
2.275,3.75,17446,2.74079,1731,0.2342,0.00011,1.47462,1.20923,1.15047,1.78315,1.6965,0.02379,0.02263,0.01967,0.08544981556412566,0.09922045167946807,1.3125957329037053e+34,9.91311632734465e-09,0.00015710134128166914,1.4898377455166525e+38,0.0001125255094801097,2500.566877335771,7.929245552180907e-05
2.275,4.25,17485,1.66946,1821,0.15671,8e-05,1.16987,1.16914,1.09409,1.36774,1.27994,0.01769,0.01655,0.01513,0.09386867609885831,0.10414641120960824,1.5577786765076496e+34,1.1764811392701831e-08,9.547955390334573e-05,2.2315104332844106e+38,0.00016854308408492525,3745.4018685538945,0.00011876591414744718
2.275,4.75,17751,1.08504,1859,0.10024,6e-05,0.95584,1.13406,1.04552,1.08397,0.99934,0.01401,0.01292,0.01236,0.0923836909238369,0.10472649428201228,1.9971809900028964e+34,1.508330934221657e-08,6.112557039040054e-05,3.54169992019154e+38,0.00026749999397217067,5944.444310492681,0.00018849709254479584
2.275,5.25,17447,0.70437,1870,0.06955,5e-05,0.79077,1.10298,1.0031,0.8722,0.79322,0.0115,0.01046,0.01042,0.09874071865638798,0.10718175044420244,2.3222962962840853e+34,1.753867756426316e-08,4.037198372212988e-05,5.017109992810927e+38,0.0003789358000612482,8420.795556916628,0.0002670216754476353
2.275,5.75,17808,0.48472,1861,0.04419,4e-05,0.65731,1.07516,0.96562,0.70671,0.63471,0.00919,0.00825,0.00855,0.09116603399900974,0.10450359389038634,3.10424290324151e+34,2.3444172670051428e-08,2.7219227313566934e-05,8.059742023082145e+38,0.0006087418446436665,13527.596547637035,0.00042895727256586234
2.275,6.25,17347,0.33112,1692,0.02683,3e-05,0.56062,1.05004,0.93219,0.58868,0.52261,0.00783,0.00695,0.00745,0.08102802609325924,0.09753847927595549,4.192909176689259e+34,3.16661066134677e-08,1.908802674814089e-05,1.2931047335072678e+39,0.0009766652065764862,21703.67125725525,0.0006882189008515744
2.275,6.75,17425,0.24311,1648,0.01924,3e-05,0.49245,1.0272,0.90213,0.50584,0.44425,0.00691,0.00607,0.00673,0.07914112952984247,0.0945767575322812,4.995909728631538e+34,3.773060742112784e-08,1.3951793400286944e-05,1.8113305613305608e+39,0.0013680744420925684,30401.654268723745,0.0009640301328235586
2.275,7.25,17390,0.1692,1558,0.01203,2e-05,0.4084,1.00629,0.87489,0.41097,0.3573,0.00548,0.00476,0.00544,0.07109929078014185,0.08959171937895342,6.844702973568341e+34,5.169324804447051e-08,9.72972972972973e-06,2.891105569409809e+39,0.0021836144784061996,48524.76618680444,0.0015387102418443822
2.275,7.75,17746,0.12854,1488,0.00903,2e-05,0.35814,0.98704,0.85007,0.3535,0.30444,0.00461,0.00397,0.00467,0.07025050567916602,0.08384988166347346,8.053619790075827e+34,6.082335012518561e-08,7.243322438859461e-06,3.9304540420819494e+39,0.0029686208777053996,65969.35283789776,0.002091874455793308
2.275,8.25,17517,0.09598,1381,0.00615,2e-05,0.31643,0.96924,0.82732,0.30669,0.26178,0.00399,0.00341,0.00412,0.0640758491352365,0.07883770051949535,1.0177380459122012e+35,7.686262713633419e-08,5.479248729805332e-06,5.696585365853658e+39,0.004302556922850195,95612.37606333767,0.0030318485560419097
2.275,8.75,17766,0.0737,1177,0.00389,1e-05,0.27764,0.9527,0.80637,0.2645,0.22388,0.00347,0.00294,0.00364,0.05278154681139755,0.06625014071822583,1.4325909583489244e+35,1.0819356229506263e-07,4.148373297309468e-06,9.134190231362468e+39,0.006898935220062286,153309.6715569397,0.004861417794169828
2.275,9.25,17466,0.05657,1070,0.00278,1e-05,0.24943,0.93728,0.78699,0.23379,0.1963,0.00317,0.00266,0.00339,0.04914265511755347,0.061261880224436044,1.740786249481103e+35,1.3146939426637738e-07,3.238864078781633e-06,1.2565467625899281e+40,0.009490534460649003,210900.76579220008,0.006687619412487318
2.275,9.75,17657,0.04435,967,0.00201,1e-05,0.22113,0.92284,0.76899,0.20407,0.17004,0.00283,0.00236,0.00306,0.04532130777903044,0.054765815257404996,2.162461568767131e+35,1.6331557803543018e-07,2.5117517132015632e-06,1.7569154228855719e+40,0.013269753949286795,294883.4210952621,0.009350691942391619
2.275,10.25,17457,0.03458,632,0.00108,1e-05,0.19814,0.90929,0.75221,0.18017,0.14904,0.00244,0.00202,0.00268,0.031231925968768073,0.03620324225239159,3.554256371040519e+35,2.6842809236768513e-07,1.980867273872945e-06,3.2327777777777775e+40,0.024416750587445447,542594.4574987878,0.017205557378830155
2.275,10.75,17346,0.02695,47,0.00011,1e-05,0.17553,0.89652,0.73653,0.15736,0.12928,0.00212,0.00174,0.00237,0.004081632653061224,0.0027095583996310387,3.1138790035587193e+36,2.3516947387347774e-06,1.553672316384181e-06,3.1538181818181815e+41,0.23820379016753634,5293417.559278586,0.16785316968793082
2.325,2.25,17517,16.71113,1049,0.89694,0.00029,3.27149,1.37731,1.39677,4.50587,4.56952,0.06153,0.0624,0.04468,0.053673210608738,0.059884683450362505,8.269776329650898e+33,6.245582908882182e-09,0.0009539949763087287,3.905946886079336e+37,2.9501109411475344e-05,655.5802091438966,2.0788312060625843e-05
2.325,2.75,17406,8.60922,1424,0.59434,0.0002,2.46307,1.31071,1.29729,3.22836,3.19532,0.04391,0.04346,0.0335,0.06903529007273597,0.08181086981500632,8.973810286752275e+33,6.77729045144043e-09,0.0004946122026887281,5.85725342396608e+37,4.423907419913957e-05,983.0905377586571,3.117359645353428e-05
2.325,3.25,17641,4.66981,1713,0.41639,0.00014,1.82642,1.25573,1.21703,2.29348,2.2228,0.03092,0.02997,0.02462,0.08916636865311436,0.09710333881299246,9.779889734255858e+33,7.386065806401221e-09,0.000264713451618389,8.473306275366843e+37,6.399778153600334e-05,1422.1729230222966,4.509680755397947e-05
2.325,3.75,17423,2.67354,1817,0.24875,0.00011,1.41626,1.20923,1.15047,1.71258,1.62936,0.0233,0.02217,0.01927,0.09304143569948457,0.10428743614762095,1.255170502690378e+34,9.479423779853318e-09,0.0001534488893990702,1.4008442211055276e+38,0.00010580394419226038,2351.1987598280084,7.455602358663142e-05
2.325,4.25,17491,1.68656,1831,0.15654,8e-05,1.15822,1.16914,1.09409,1.35412,1.26719,0.01887,0.01766,0.01614,0.09281614647566645,0.10468240809559202,1.591289912155279e+34,1.2017898286800687e-08,9.642444685838432e-05,2.2347003960649034e+38,0.00016878401782967546,3750.755951770566,0.0001189356910125116
2.325,4.75,17410,1.07497,1824,0.09744,7e-05,0.94402,1.13406,1.04552,1.07057,0.98699,0.01444,0.01331,0.01273,0.09064439007600213,0.10476737507179781,2.060981034718196e+34,1.5565146399200935e-08,6.174439977024699e-05,3.573481116584565e+38,0.0002699003864489852,5997.786365533005,0.000190188558014111
2.325,5.25,17647,0.72423,1852,0.06783,5e-05,0.78407,1.10298,1.0031,0.86481,0.78649,0.01199,0.01091,0.01087,0.09365809204258316,0.10494701649005497,2.4692438828180374e+34,1.864846977432246e-08,4.1039836799456e-05,5.2033023735810105e+38,0.000392998668699472,8733.303748877157,0.0002769312452079261
2.325,5.75,17400,0.47885,1818,0.04166,4e-05,0.64682,1.07516,0.96562,0.69544,0.62459,0.0092,0.00826,0.00855,0.087000104416832,0.10448275862068966,3.305601943590395e+34,2.4964896485087188e-08,2.7520114942528735e-05,8.353336533845416e+38,0.00063091665663485,14020.370147441112,0.0004445830209107405
2.325,6.25,17586,0.34222,1767,0.0308,4e-05,0.55514,1.05004,0.93219,0.58292,0.5175,0.00769,0.00683,0.00732,0.09000058441937935,0.1004776526782668,3.8122002885606812e+34,2.8790879001289033e-08,1.945979756624588e-05,1.1419480519480518e+39,0.0008624985286616704,19166.633970259343,0.0006077699762258797
2.325,6.75,17307,0.24012,1741,0.02033,3e-05,0.47476,1.0272,0.90213,0.48767,0.4283,0.00703,0.00617,0.00684,0.08466600033316675,0.10059513491650778,4.843897133917588e+34,3.6582562751435595e-08,1.3874154966198647e-05,1.7026069847515986e+39,0.0012859569371235636,28576.820824968083,0.0009061650439170498
2.325,7.25,17577,0.17867,1593,0.01298,2e-05,0.41292,1.00629,0.87489,0.41552,0.36126,0.00577,0.00501,0.00573,0.07264789836010523,0.09062980030721966,6.625444316750451e+34,5.003734096178877e-08,1.0164988337031347e-05,2.7083204930662556e+39,0.0020455592847932443,45456.87299540543,0.0014414279869167119
2.325,7.75,17511,0.12937,1483,0.00948,2e-05,0.35293,0.98704,0.85007,0.34835,0.30001,0.0048,0.00414,0.00487,0.07327819432635077,0.08468962366512478,7.835007591545194e+34,5.9172325289216776e-08,7.387927588373024e-06,3.694303797468354e+39,0.0027902596657615967,62005.770350257706,0.0019661900795997496
2.325,8.25,17718,0.09793,1340,0.00624,2e-05,0.30791,0.96924,0.82732,0.29844,0.25474,0.00404,0.00345,0.00417,0.06371898294700296,0.07562930353313015,1.0517296780867349e+35,7.942977706266406e-08,5.527147533581669e-06,5.678846153846154e+39,0.004289158726469905,95314.63836599787,0.00302240735559354
2.325,8.75,17472,0.07273,1209,0.00388,2e-05,0.26835,0.9527,0.80637,0.25566,0.21639,0.00365,0.00309,0.00383,0.053347999450020625,0.06919642857142858,1.46638859116207e+35,1.1074606080825239e-07,4.162660256410257e-06,9.006185567010307e+39,0.006802254959977573,151161.22133283495,0.004793290884475994
2.325,9.25,17622,0.05877,1050,0.00269,1e-05,0.24703,0.93728,0.78699,0.23154,0.19441,0.00324,0.00272,0.00346,0.04577165220350519,0.059584610146407896,1.8871541541956187e+35,1.425235370588036e-07,3.335035750766088e-06,1.3101858736059478e+40,0.009895663697930119,219903.6377317804,0.006973098608947882
2.325,9.75,17581,0.04426,915,0.00173,1e-05,0.21287,0.92284,0.76899,0.19645,0.16369,0.00278,0.00232,0.00302,0.039087211929507454,0.052044821113702296,2.604613390572841e+35,1.9670820863777968e-07,2.517490472669359e-06,2.0324855491329478e+40,0.015351099313692957,341135.5403042879,0.01081733702131811
2.325,10.25,17460,0.03487,491,0.00077,1e-05,0.19159,0.90929,0.75221,0.17421,0.14412,0.00238,0.00197,0.00261,0.022082018927444796,0.028121420389461627,5.19897988470401e+35,3.926425409488716e-07,1.997136311569301e-06,4.535064935064935e+40,0.034252756307136964,761172.3623808215,0.024136617274886526
2.325,10.75,17546,0.02868,4,0.0,1e-05,0.17693,0.89652,0.73653,0.15862,0.13031,0.00225,0.00185,0.00251,0.0,0.00022797218739313804,0.0,0.0,1.6345605836087997e-06,0.0,0.0,0.0,0.0
2.375,2.25,17396,16.93898,1061,0.86437,0.00029,3.33014,1.37731,1.39677,4.58665,4.65144,0.06262,0.06351,0.04547,0.05102845625887745,0.06099103242124626,8.545194741789604e+33,6.453587147337514e-09,0.0009737284433203035,4.0251281280007406e+37,3.040126984894819e-05,675.5837744210709,2.1422620954498696e-05
2.375,2.75,17461,8.44353,1470,0.64746,0.0002,2.39046,1.31071,1.29729,3.13319,3.10112,0.04355,0.04311,0.03323,0.07668119850346952,0.08418761812038257,8.324427432883038e+33,6.286857059801402e-09,0.00048356508791019994,5.393692274426219e+37,4.073785705759983e-05,905.2857123911074,2.870642162579615e-05
2.375,3.25,17353,4.64951,1571,0.37188,0.00015,1.82798,1.25573,1.21703,2.29545,2.22471,0.03146,0.03049,0.02506,0.07998262182466538,0.09053189650204575,1.0893477034890633e+34,8.227080307295998e-09,0.0002679369561459114,9.332580402280306e+37,7.048776738882405e-05,1566.3948308627569,4.9670054251102136e-05
2.375,3.75,17598,2.82961,1827,0.25589,0.00011,1.46249,1.20923,1.15047,1.76848,1.68254,0.02515,0.02393,0.0208,0.09043295719198052,0.10381861575178998,1.250555902308304e+34,9.444572934886368e-09,0.00016079156722354813,1.3754347571222008e+38,0.00010388480038687316,2308.5511197082924,7.320367578983677e-05
2.375,4.25,17289,1.67272,1878,0.16685,8e-05,1.14188,1.16914,1.09409,1.33501,1.24931,0.01882,0.01761,0.0161,0.09974771629441867,0.1086239805656776,1.5019051810253908e+34,1.1342838010916024e-08,9.67505350222685e-05,2.0724003596044352e+38,0.00015652570691876397,3478.3490426391995,0.00011029772458901572
2.375,4.75,17410,1.08803,1889,0.10141,7e-05,0.93634,1.13406,1.04552,1.06187,0.97896,0.01485,0.01369,0.01309,0.09320515059327408,0.10850086157380816,2.0207785899642263e+34,1.526152548874123e-08,6.249454336588168e-05,3.4335864313184095e+38,0.0002593343226071306,5762.984946825124,0.0001827430538693913
2.375,5.25,17550,0.73813,1859,0.0673,5e-05,0.78556,1.10298,1.0031,0.86646,0.78799,0.01219,0.01109,0.01105,0.09117635104927317,0.10592592592592592,2.5316243831238434e+34,1.9119586006524002e-08,4.205868945868946e-05,5.215453194650817e+38,0.00039391640442982,8753.697876218223,0.00027757793874360167
2.375,5.75,17494,0.4954,1875,0.04382,4e-05,0.64926,1.07516,0.96562,0.69806,0.62694,0.00956,0.00859,0.00889,0.08845377472749293,0.10717960443580657,3.239074012945809e+34,2.4462457616084952e-08,2.8318280553332572e-05,7.98448197170242e+38,0.0006030575507328111,13401.27890517358,0.00042495176639946664
2.375,6.25,17578,0.35136,1778,0.03066,4e-05,0.55512,1.05004,0.93219,0.5829,0.51748,0.00806,0.00716,0.00768,0.08726092896174863,0.10114916372738651,3.932023531710501e+34,2.969582004161695e-08,1.9988622141313004e-05,1.1466405740378344e+39,0.0008660427296358265,19245.393991907255,0.0006102674401289718
2.375,6.75,17551,0.24497,1647,0.01854,3e-05,0.4641,1.0272,0.90213,0.47673,0.41868,0.00641,0.00563,0.00624,0.07568273666163204,0.0938408067916358,5.543201753061031e+34,4.186392079949422e-08,1.3957609253034015e-05,1.8933117583603017e+39,0.0014299937751966023,31777.639448813385,0.001007662336656944
2.375,7.25,17392,0.17966,1481,0.01186,3e-05,0.40703,1.00629,0.87489,0.40959,0.35611,0.00579,0.00504,0.00576,0.06601358120895025,0.08515409383624654,7.396859286794711e+34,5.586329798953788e-08,1.0330036798528057e-05,2.9328836424957844e+39,0.0022151689142717403,49225.97587270534,0.0015609454551213007
2.375,7.75,17338,0.13154,1489,0.0087,2e-05,0.35097,0.98704,0.85007,0.34642,0.29835,0.00493,0.00425,0.005,0.0661395773148852,0.08588072442034837,8.729022706474831e+34,6.592419535136946e-08,7.586803552889606e-06,3.985747126436781e+39,0.003010383026009653,66897.40057799229,0.002121302656582708
2.375,8.25,17384,0.09925,1249,0.00535,2e-05,0.30753,0.96924,0.82732,0.29807,0.25443,0.00416,0.00355,0.00429,0.053904282115869014,0.07184767602393005,1.2447681329324573e+35,9.400861966108732e-08,5.709272894615739e-06,6.498691588785047e+39,0.004908377332919219,109075.05184264932,0.003458747204548748
2.375,8.75,17540,0.07635,1168,0.00386,2e-05,0.27091,0.9527,0.80637,0.2581,0.21846,0.00364,0.00308,0.00382,0.05055664702030124,0.06659064994298745,1.5327231883854312e+35,1.1575584837893142e-07,4.35290763968073e-06,9.088082901554404e+39,0.006864110952835652,152535.7989519034,0.004836878454842193
2.375,9.25,17399,0.05876,1027,0.00241,1e-05,0.24118,0.93728,0.78699,0.22606,0.18981,0.00321,0.0027,0.00343,0.0410142954390742,0.05902638082648428,2.1571036661584723e+35,1.6291093317411616e-07,3.3772055865279613e-06,1.4439004149377593e+40,0.01090559225783806,242346.49461862358,0.0076847569323510775
2.375,9.75,17734,0.04631,882,0.00166,1e-05,0.21257,0.92284,0.76899,0.19617,0.16347,0.0028,0.00233,0.00303,0.03584538976462967,0.04973497236945979,2.8442259633425885e+35,2.1480446819293015e-07,2.611367993684448e-06,2.1366265060240962e+40,0.016137662432206164,358614.72071569256,0.011371598196210444
2.375,10.25,17402,0.03565,241,0.00034,1e-05,0.18896,0.90929,0.75221,0.17181,0.14213,0.00247,0.00205,0.00272,0.009537166900420758,0.013848982875531548,1.2205685487046223e+36,9.218099454003642e-07,2.048615101712447e-06,1.0236470588235292e+41,0.07731473253954146,1718105.1675453659,0.05448075746909455
2.375,10.75,17176,0.02804,1,0.0,1e-05,0.16968,0.89652,0.73653,0.15212,0.12497,0.00217,0.00178,0.00242,0.0,5.8220773171867724e-05,0.0,0.0,1.632510479739171e-06,0.0,0.0,0.0,0.0
2.425,2.25,17410,16.96526,1103,0.92243,0.00029,3.32969,1.37731,1.39677,4.58604,4.65082,0.06811,0.06907,0.04945,0.0543716984001424,0.0633543940264216,8.020829010738907e+33,6.057570433304816e-09,0.0009744549109707066,3.774812180870093e+37,2.851066601865629e-05,633.5703559701398,2.0090384194892814e-05
2.425,2.75,17565,8.42365,1495,0.59998,0.0002,2.35797,1.31071,1.29729,3.0906,3.05897,0.04285,0.04242,0.0327,0.07122565633662367,0.08511243951038998,9.085539806394936e+33,6.8616719329317536e-09,0.0004795701679476231,5.855195173172439e+37,4.422352849828126e-05,982.7450777395835,3.116264198819075e-05
2.425,3.25,17498,4.71129,1765,0.41995,0.00015,1.82005,1.25573,1.21703,2.28549,2.21505,0.03259,0.03159,0.02595,0.0891369455074937,0.10086867070522346,9.817319438292958e+33,7.414333840565635e-09,0.0002692473425534347,8.333373020597689e+37,6.294088384137227e-05,1398.6863075860506,4.4352051864093435e-05
2.425,3.75,17438,2.69201,1870,0.26661,0.00011,1.38662,1.20923,1.15047,1.67674,1.59526,0.02303,0.02191,0.01905,0.09903752214887762,0.10723706847115495,1.2043826891968552e+34,9.095858992499473e-09,0.000154376075237986,1.3081279771951538e+38,9.880120673679408e-05,2195.5823719287573,6.962146029708135e-05
2.425,4.25,17361,1.69495,1927,0.16675,9e-05,1.13454,1.16914,1.09409,1.32644,1.24129,0.01823,0.01706,0.01559,0.0983804832000944,0.11099591037382639,1.5326162798399356e+34,1.1574777432519715e-08,9.762974483036691e-05,2.082278860569715e+38,0.00015727181726357363,3494.929272523859,0.00011082348022970125
2.425,4.75,17554,1.09747,1836,0.09765,7e-05,0.9199,1.13406,1.04552,1.04322,0.96177,0.01447,0.01334,0.01276,0.08897737523576955,0.10459154608636208,2.154638922561564e+34,1.6272478835145106e-08,6.251965364019597e-05,3.5952892985151046e+38,0.0002715475300993281,6034.389557762847,0.00019134923762566106
2.425,5.25,17507,0.73124,1951,0.06646,5e-05,0.76431,1.10298,1.0031,0.84302,0.76668,0.01196,0.01088,0.01084,0.09088671298069034,0.11144113783058206,2.610307797211854e+34,1.9713826729188533e-08,4.176843548294968e-05,5.268432139632861e+38,0.0003979178353197024,8842.618562660055,0.00028039759521372574
2.425,5.75,17548,0.49608,1855,0.04412,4e-05,0.63363,1.07516,0.96562,0.68125,0.61184,0.00958,0.0086,0.00891,0.0889372681825512,0.10571005242762709,3.300955692149018e+34,2.4929806601835345e-08,2.82698883063597e-05,7.954669084315504e+38,0.0006008058220782101,13351.240490626891,0.0004233650586829938
2.425,6.25,17758,0.34733,1770,0.02828,4e-05,0.52995,1.05004,0.93219,0.55647,0.49402,0.00757,0.00672,0.00721,0.08142112688221576,0.09967338664263993,4.414191101418776e+34,3.333729402174138e-08,1.9559071967563917e-05,1.2558698727015557e+39,0.0009485421999256462,21078.71555390325,0.0006684016854992152
2.425,6.75,17452,0.2459,1692,0.01888,3e-05,0.45622,1.0272,0.90213,0.46863,0.41157,0.00652,0.00572,0.00635,0.07677917852785686,0.09695163878065552,5.55848511908314e+34,4.197934535973974e-08,1.4090075636030254e-05,1.848728813559322e+39,0.0013963208561626297,31029.35235916955,0.0009839343087002014
2.425,7.25,17571,0.1818,1588,0.01335,3e-05,0.39629,1.00629,0.87489,0.39878,0.34671,0.00586,0.0051,0.00582,0.07343234323432345,0.09037618803710659,6.82981971417317e+34,5.1580845209373684e-08,1.0346593819361447e-05,2.6323595505617975e+39,0.0019881869717234117,44181.9327049647,0.0014009998955151163
2.425,7.75,17393,0.13411,1507,0.00915,2e-05,0.34617,0.98704,0.85007,0.34168,0.29427,0.00491,0.00423,0.00497,0.06822757437924092,0.08664405220491002,8.57927335582586e+34,6.479324337909417e-08,7.710573219111137e-06,3.801748633879781e+39,0.002871411354894094,63809.14121986876,0.0020233745947446967
2.425,8.25,17336,0.09876,1229,0.00549,2e-05,0.29731,0.96924,0.82732,0.28817,0.24597,0.00414,0.00353,0.00427,0.05558930741190766,0.07089293954776188,1.2485040801090582e+35,9.42907695875733e-08,5.696815874480849e-06,6.315482695810564e+39,0.0047700020361106975,106000.0452469044,0.0033612393850489725
2.425,8.75,17544,0.07662,1219,0.00392,2e-05,0.26293,0.9527,0.80637,0.2505,0.21202,0.00363,0.00307,0.00381,0.051161576611850695,0.06948244414044688,1.5605523646584382e+35,1.1785759116822279e-07,4.367305061559507e-06,8.951020408163266e+39,0.006760589432147481,150235.32071438848,0.004763930768467418
2.425,9.25,17568,0.05976,1002,0.00243,1e-05,0.23463,0.93728,0.78699,0.21991,0.18465,0.00321,0.0027,0.00343,0.04066265060240964,0.05703551912568306,2.2366052105490966e+35,1.689151280529489e-07,3.401639344262295e-06,1.445925925925926e+40,0.010920890679198835,242686.45953775189,0.007695537149218413
2.425,9.75,17386,0.04641,768,0.00148,1e-05,0.20959,0.92284,0.76899,0.19342,0.16117,0.00287,0.00239,0.00311,0.031889678948502476,0.044173472909237316,3.2424886886679874e+35,2.4488246270432647e-07,2.669389163694927e-06,2.3494594594594593e+40,0.01774516208050951,394336.9351224336,0.01250434218424764
2.425,10.25,17476,0.036,76,0.00011,1e-05,0.18302,0.90929,0.75221,0.16642,0.13767,0.00244,0.00202,0.00268,0.0030555555555555557,0.00434882124055848,3.933093705957544e+36,2.9703902318235356e-06,2.059967956054017e-06,3.1774545454545448e+41,0.23998901400714082,5333089.2001586845,0.16911114916789335
